{"default-sidebar":{"search-1":{"title":"Search"}},"page-sidebar":{"nav_menu-1":{"title":"Company","nav_menu":53},"nav_menu-2":{"title":"Help","nav_menu":53},"nav_menu-3":{"title":"Company","nav_menu":null},"nav_menu-4":{"title":"Help","nav_menu":null}},"listing-sidebar":{"homey_listing_listview-6":{"title":"Featured","items_num":"4","listing_type":"","room_type":"","listing_city":"","listing_area":"","listing_state":"","featured":"on"},"homey_taxonomies_cars-4":{"title":"Explore","taxonomy":"listing_city","tax_count":"no","items_num":"4"},"homey_listing-2":{"title":"Slider","items_num":"5","listing_type":"","room_type":"","listing_city":"","listing_area":"","listing_state":"","widget_type":"slider","featured":null},"homey_latest_reviews-5":{"title":"Latest Reviews","items_num":"3"},"homey_latest_posts-6":{"title":"Latest Posts","items_num":"3","category":""},"homey_image_banner_300_250-5":{"title":"","banner_url":"http:\/\/wordpress-89239-630690.cloudwaysapps.com\/wp-content\/uploads\/2019\/01\/banner.png","banner_link":"http:\/\/gethomey.io","hide_title":null}},"blog-sidebar":{"homey_latest_posts-7":{"title":"Latest Posts","items_num":"3","category":""},"search-3":{"title":"Search"},"homey_latest_comments-5":{"title":"Latest Comments","comments_show":"5"},"homey_image_banner_300_250-6":{"title":"Image Ad","banner_url":"http:\/\/wordpress-89239-630690.cloudwaysapps.com\/wp-content\/uploads\/2019\/01\/banner.png","banner_link":"http:\/\/gethomey.io","hide_title":"on"}},"footer-sidebar-1":{"homey_about_widget-3":{"title":"","img_url":"http:\/\/wordpress-89239-661579.cloudwaysapps.com\/wp-content\/uploads\/2018\/10\/homey-logo-white.png","about_text":"Homey is a powerful booking platform that lets you run a residential or commercial rental business online with no hassle","more_url":"#"}},"footer-sidebar-2":{"homey_taxonomies-2":{"title":"Explore","taxonomy":"listing_type","tax_count":"no","tax_child":"no","items_num":"6"}},"footer-sidebar-3":{"mc4wp_form_widget-2":{"title":"Newsletter Sign Up"},"nav_menu-5":{"title":"Company","nav_menu":null}},"footer-sidebar-4":{"homey_contact-4":{"title":"Contact Us","about_text":"","phone":"800 987 6543","fax":"876 654 2362","email":"homey@email.com","address":"142 Bay Rd, Miami Beach, FL 33139","more_url":"#"}}}