{"last_tab":"41","menu-sticky":"0","sticky_search":"0","site_breadcrumb":"1","site_scroll_top":"1","sticky_sidebar":{"default_sidebar":"1","listing_sidebar":"","page_sidebar":""},"glc_day_night_label":"night","glc_day_nights_label":"nights","cmn_guest_label":"Guest","cmn_guests_label":"Guests","srh_whr_to_go":"Where to go?","srh_arrive_label":"Arrive","srh_depart_label":"Depart","srh_guest_label":"Guest","srh_guests_label":"Guests","srh_adults_label":"Adults","srh_child_label":"Children","srh_listing_type":"Listing Type","srh_room_type":"Room Type","srh_size":"Size","srh_price":"Price","srh_bedrooms":"n. of bedrooms","srh_rooms":"n. of rooms","srh_amenities":"Amenities","srh_facilities":"Facilities","ad_text_yes":"Yes","ad_text_no":"No","ad_perstay_text":"Per stay","ad_daily_text":"Daily","ad_close":"Closed","ad_text_select":"Select","ad_section_info":"Information","ad_room_type":"What kind of place do you want to list?","ad_title":"Title","ad_title_plac":"Enter the listing title","ad_des":"Description","ad_no_of_bedrooms":"Number of bedrooms","ad_no_of_bedrooms_plac":"Enter number of bedrooms","ad_no_of_guests":"Number of guest","ad_no_of_guests_plac":"Enter number of guest","ad_no_of_beds":"Number of beds","ad_no_of_beds_plac":"Enter number of beds","ad_no_of_bathrooms":"Number of bathrooms","ad_no_of_bathrooms_plac":"Enter number of bathrooms","ad_listing_rooms":"Number of Room","ad_listing_rooms_plac":"Enter number of rooms","ad_listing_type":"Type of listing","ad_listing_type_plac":"Select listing Type","ad_listing_size":"Size","ad_size_placeholder":"Enter the size. Only numbers","ad_listing_size_unit":"Unit of measure","ad_listing_size_unit_plac":"Enter the unit of measure. Ex. SqFt","ad_is_featured_label":"Make this listing as featured?","ad_pricing_label":"Pricing","ad_ins_booking_label":"Instance booking","ad_ins_booking_des":"Allow instant booking for this place.","ad_nightly_label":"Nightly","ad_nightly_plac":"Enter price for 1 night","ad_weekends_label":"Weekends","ad_weekends_plac":"Enter the unit price for a single day","ad_weekend_days_label":"Select the days to apply weekend pricing","ad_long_term_pricing":"Long-term pricing","ad_weekly7nights":"Weekly - 7+ nights","ad_weekly7nights_plac":"Enter the unit price for a single day","ad_monthly30nights":"Monthly - 30+ nights","ad_monthly30nights_plac":"Enter the unit price for a single day","ad_add_costs_label":"Additional costs","ad_allow_additional_guests":"Allow additional guests","ad_addinal_guests_label":"Additional guests","ad_addinal_guests_plac":"Enter the price for 1 additional guest","ad_cleaning_fee":"Cleaning fee","ad_cleaning_fee_plac":"Enter the price for cleaning fee","ad_cleaning_fee_type_label":"Cleaning fee type","ad_city_fee":"City fee","ad_city_fee_plac":"Enter the price for city fee","ad_city_fee_type_label":"City fee type","ad_security_deposit_label":"Security deposit","ad_security_deposit_plac":"Enter price for security deposit","ad_tax_rate_label":"Tax %","ad_tax_rate_plac":"Enter tax percentage (only number)","ad_features":"Features","ad_amenities":"Amenities","ad_facilities":"Facilities","ad_section_media":"Media","ad_drag_drop_img":"Drag and drop the images to customize the gallery order.<br>Click on the star icon to set the featured image","ad_image_size_text":"(Minimum size 1440 x 900 px)","ad_upload_btn":"Select and upload","ad_video_section":"Video","ad_video_url":"Video URL","ad_video_placeholder":"Enter the video link or URL. Supported formats: YouTube, Vimeo, SWF and MOV","ad_location":"Location","ad_address":"Address","ad_address_placeholder":"Enter the listing address","ad_aptSuit":"Apt, Suite (Optional)","ad_aptSuit_placeholder":"Ex. #123","ad_country":"Country","ad_country_placeholder":"Enter the Country","ad_state":"State","ad_state_placeholder":"Enter the State","ad_city":"City","ad_city_placeholder":"Enter the City","ad_area":"Area","ad_area_placeholder":"Enter the Area","ad_zipcode":"Zip Code","ad_zipcode_placeholder":"Enter your Zip Code","ad_drag_pin":"Drag and drop the pin on map to find exact location","ad_find_address":"Find the address on the map","ad_lat":"Latitude","ad_long":"Longitude","ad_find_address_btn":"Find Address","ad_bedrooms_text":"Bedrooms","ad_acc_bedroom_name":"Bedroom name","ad_acc_bedroom_name_plac":"Ex. Master Room or Room 1","ad_acc_guests":"Number of guests","ad_acc_guests_plac":"Enter the number of guests for this room","ad_acc_no_of_beds":"Number of beds","ad_acc_no_of_beds_plac":"Enter the number of beds","ad_acc_bedroom_type":"Bed type","ad_acc_bedroom_type_plac":"Enter the bed type","ad_acc_btn_remove_room":"Remove this room","ad_acc_btn_add_other":"Add another room","ad_services_text":"Services","ad_service_name":"Service name","ad_service_name_plac":"Ex. Projection Screen","ad_service_price":"Service Price","ad_service_price_plac":"Enter the service price","ad_service_des":"Service description","ad_service_des_plac":"Enter the service description","ad_btn_remove_service":"Remove this service","ad_btn_add_service":"Add another service","ad_terms_rules":"Terms & rules","ad_cancel_policy":"Cancellation Policy","ad_cancel_policy_plac":"Enter your cancellation policy","ad_min_days_booking":"Minimum days of a booking","ad_min_days_booking_plac":"Enter the minimum days of a booking (Only number)","ad_max_days_booking":"Maximum days of a booking","ad_max_days_booking_plac":"Enter the maximum days of booking (Only number)","ad_check_in_after":"Check-in After","ad_check_out_before":"Check-out Before","ad_smoking_allowed":"Smoking allowed","ad_pets_allowed":"Pets allowed","ad_party_allowed":"Party allowed","ad_children_allowed":"Children allowed","ad_add_rules_info_optional":"Additional rules information (Optional)","ad_section_openning":"Openning Hours","ad_mon_fri":"Monday to Friday","ad_sat":"Saturday","ad_sun":"Sunday","sn_type_label":"Type","sn_accom_label":"Accomodation","sn_guests_label":"Guests","sn_bedrooms_label":"Bedrooms","sn_beds_label":"Beds","sn_bathrooms_label":"Bathrooms","sn_rooms_label":"Rooms","sn_fullbath_label":"Full","sn_halfbath_label":"Half Baths","sn_closed_label":"Closed","sn_about_listing_title":"About this listing","sn_accommodates_label":"Accommodates","sn_opening_hours_label":"Opening Hours","sn_mon_fri_label":"Mon - Fri","sn_sat_label":"Sat","sn_sun_label":"Sun","sn_size_label":"Size","sn_check_in_after":"Check-in After","sn_check_out_before":"Check-out Before","sn_nightly_label":"Nightly","sn_weekends_label":"Weekends","sn_weekly7d_label":"Weekly (7d+)","sn_monthly30d_label":"Monthly (30d+)","sn_security_deposit_label":"Security deposit","sn_tax_rate_label":"Tax %","sn_addinal_guests_label":"Additional guests","sn_allow_additional_guests":"Allow additional guests","sn_cleaning_fee":"Cleaning fee","sn_city_fee":"City fee","sn_min_no_of_days":"Minimum number of days","sn_max_no_of_days":"Maximum number of days","sn_smoking_allowed":"Smoking allowed","sn_pets_allowed":"Pets allowed","sn_party_allowed":"Party allowed","sn_children_allowed":"Children allowed","sn_add_rules_info":"Additional rules information","sn_night_label":"night","sn_nights_label":"nights","sn_min_stay_is":"The minimum stay is","sn_max_stay_is":"The maximum stay is","sn_avail_label":"Available","sn_pending_label":"Pending","sn_booked_label":"Booked","sn_acc_guests_label":"Guests","sn_acc_guest_label":"Guest","sn_hosted_by":"Hosted by","sn_pr_lang":"Languages","sn_pr_profile_status":"Profile Status","sn_pr_verified":"Verified","sn_pr_h_rating":"Host rating","sn_pr_cont_host":"Contact the host","sn_view_profile":"View Profile","sn_text_no":"No","sn_text_yes":"Yes","sn_detail_heading":"Details","sn_prices_heading":"Prices","sn_accomodation_text":"Accomodation","sn_terms_rules":"Terms & rules","sn_video_heading":"Video","sn_availability_label":"Availability","sn_features":"Features","sn_amenities":"Amenities","sn_facilities":"Facilities","sn_services_text":"Services","sn_similar_label":"Similar listings","sn_nearby_label":"Nearby","glc_bedrooms_label":"Bedrooms","glc_baths_label":"Baths","glc_guests_label":"Guests","custom_logo":{"url":"http:\/\/wordpress-89239-751664.cloudwaysapps.com\/wp-content\/uploads\/2018\/10\/homey-logo-white.png","id":"1288","height":"30","width":"128","thumbnail":"http:\/\/wordpress-89239-751664.cloudwaysapps.com\/wp-content\/uploads\/2018\/10\/homey-logo-white.png","title":"homey-logo-white","caption":"","alt":"","description":""},"retina_logo":{"url":"http:\/\/wordpress-89239-751664.cloudwaysapps.com\/wp-content\/uploads\/2018\/10\/homey-logo-white@2x.png","id":"1289","height":"60","width":"256","thumbnail":"http:\/\/wordpress-89239-751664.cloudwaysapps.com\/wp-content\/uploads\/2018\/10\/homey-logo-white@2x-150x60.png","title":"homey-logo-white@2x","caption":"","alt":"","description":""},"custom_logo_splash":{"url":"http:\/\/wordpress-89239-751664.cloudwaysapps.com\/wp-content\/uploads\/2018\/10\/homey-logo-white.png","id":"1288","height":"30","width":"128","thumbnail":"http:\/\/wordpress-89239-751664.cloudwaysapps.com\/wp-content\/uploads\/2018\/10\/homey-logo-white.png","title":"homey-logo-white","caption":"","alt":"","description":""},"retina_logo_splash":{"url":"http:\/\/wordpress-89239-751664.cloudwaysapps.com\/wp-content\/uploads\/2018\/10\/homey-logo-white@2x.png","id":"1289","height":"60","width":"256","thumbnail":"http:\/\/wordpress-89239-751664.cloudwaysapps.com\/wp-content\/uploads\/2018\/10\/homey-logo-white@2x-150x60.png","title":"homey-logo-white@2x","caption":"","alt":"","description":""},"mobile_logo":{"url":"http:\/\/wordpress-89239-751664.cloudwaysapps.com\/wp-content\/uploads\/2018\/10\/homey-logo-white.png","id":"1288","height":"30","width":"128","thumbnail":"http:\/\/wordpress-89239-751664.cloudwaysapps.com\/wp-content\/uploads\/2018\/10\/homey-logo-white.png","title":"homey-logo-white","caption":"","alt":"","description":""},"mobile_retina_logo":{"url":"http:\/\/wordpress-89239-751664.cloudwaysapps.com\/wp-content\/uploads\/2018\/10\/homey-logo-white@2x.png","id":"1289","height":"60","width":"256","thumbnail":"http:\/\/wordpress-89239-751664.cloudwaysapps.com\/wp-content\/uploads\/2018\/10\/homey-logo-white@2x-150x60.png","title":"homey-logo-white@2x","caption":"","alt":"","description":""},"custom_logo_mobile_splash":{"url":"http:\/\/wordpress-89239-751664.cloudwaysapps.com\/wp-content\/uploads\/2018\/10\/homey-logo-white.png","id":"1288","height":"30","width":"128","thumbnail":"http:\/\/wordpress-89239-751664.cloudwaysapps.com\/wp-content\/uploads\/2018\/10\/homey-logo-white.png","title":"homey-logo-white","caption":"","alt":"","description":""},"retina_logo_mobile_splash":{"url":"http:\/\/wordpress-89239-751664.cloudwaysapps.com\/wp-content\/uploads\/2018\/10\/homey-logo-white@2x.png","id":"1289","height":"60","width":"256","thumbnail":"http:\/\/wordpress-89239-751664.cloudwaysapps.com\/wp-content\/uploads\/2018\/10\/homey-logo-white@2x-150x60.png","title":"homey-logo-white@2x","caption":"","alt":"","description":""},"logo_desktop_dimensions":{"width":"","height":"","units":"px"},"logo_mobile_dimensions":{"width":"","height":"","units":"px"},"favicon":{"url":"","id":"","height":"","width":"","thumbnail":"","title":"","caption":"","alt":"","description":""},"iphone_icon":{"url":"","id":"","height":"","width":"","thumbnail":"","title":"","caption":"","alt":"","description":""},"iphone_icon_retina":{"url":"","id":"","height":"","width":"","thumbnail":"","title":"","caption":"","alt":"","description":""},"ipad_icon":{"url":"","id":"","height":"","width":"","thumbnail":"","title":"","caption":"","alt":"","description":""},"ipad_icon_retina":{"url":"","id":"","height":"","width":"","thumbnail":"","title":"","caption":"","alt":"","description":""},"header_type":"1","header_width":"container-fluid","header_menu_align":"text-right","become_host_btn":"1","become_host_link":"2001","become_host_label":"Book Now","social-header":"1","hs-facebook":"#","hs-twitter":"#","hs-googleplus":"#","hs-linkedin":"","hs-instagram":"#","hs-pinterest":"","hs-yelp":"","hs-youtube":"","nav_login":"1","nav_register":"1","login_image":{"url":"http:\/\/wordpress-89239-751664.cloudwaysapps.com\/wp-content\/uploads\/2018\/11\/location-2.jpg","id":"2116","height":"960","width":"1440","thumbnail":"http:\/\/wordpress-89239-751664.cloudwaysapps.com\/wp-content\/uploads\/2018\/11\/location-2-150x150.jpg","title":"location-2","caption":"","alt":"","description":""},"login_text":"Welcome back Please log in","register_image":{"url":"http:\/\/wordpress-89239-751664.cloudwaysapps.com\/wp-content\/uploads\/2018\/11\/location-2.jpg","id":"2116","height":"960","width":"1440","thumbnail":"http:\/\/wordpress-89239-751664.cloudwaysapps.com\/wp-content\/uploads\/2018\/11\/location-2-150x150.jpg","title":"location-2","caption":"","alt":"","description":""},"register_text":"Create an account","enable_password":"yes","login_redirect":"same_page","login_redirect_link":"","login_terms_condition":"","facebook_login":"yes","facebook_api_key":"","facebook_secret":"","google_login":"yes","google_api_key":"","google_client_id":"","google_secret":"","show_roles":"0","host_role":"I want to host","renter_role":"I want to book","splash_layout":"container-fluid","backgroud_type":"image","splash_search":"1","splash_search_style":"horizontal","splash_page_nav":"1","splash_menu_align":"text-right","splash_image":{"url":"http:\/\/wordpress-89239-751664.cloudwaysapps.com\/wp-content\/uploads\/2018\/10\/01-3.jpg","id":"351","height":"960","width":"1440","thumbnail":"http:\/\/wordpress-89239-751664.cloudwaysapps.com\/wp-content\/uploads\/2018\/10\/01-3-150x150.jpg","title":"01-3","caption":"","alt":"","description":""},"splash_slider":"351,471,480","splash_bg_mp4":{"url":"http:\/\/wordpress-89239-751664.cloudwaysapps.com\/wp-content\/uploads\/2018\/10\/79_c3lkYV92aWRfMDAyOTgy.mp4","id":"715","height":"720","width":"1280","thumbnail":"http:\/\/wordpress-89239-751664.cloudwaysapps.com\/wp-includes\/images\/media\/video.png","title":"79_c3lkYV92aWRfMDAyOTgy","caption":"","alt":"","description":""},"splash_bg_webm":{"url":"http:\/\/wordpress-89239-751664.cloudwaysapps.com\/wp-content\/uploads\/2018\/10\/79_c3lkYV92aWRfMDAyOTgy.webm","id":"718","height":"720","width":"1280","thumbnail":"http:\/\/wordpress-89239-751664.cloudwaysapps.com\/wp-includes\/images\/media\/video.png","title":"79_c3lkYV92aWRfMDAyOTgy","caption":"","alt":"","description":""},"splash_bg_ogv":{"url":"http:\/\/wordpress-89239-751664.cloudwaysapps.com\/wp-content\/uploads\/2018\/10\/79_c3lkYV92aWRfMDAyOTgy.ogv","id":"716","height":"720","width":"1280","thumbnail":"http:\/\/wordpress-89239-751664.cloudwaysapps.com\/wp-includes\/images\/media\/video.png","title":"79_c3lkYV92aWRfMDAyOTgy","caption":"","alt":"","description":""},"splash_video_image":{"url":"http:\/\/wordpress-89239-751664.cloudwaysapps.com\/wp-content\/uploads\/2018\/10\/video-thumb.png","id":"717","height":"960","width":"1440","thumbnail":"http:\/\/wordpress-89239-751664.cloudwaysapps.com\/wp-content\/uploads\/2018\/10\/video-thumb-150x150.png","title":"video-thumb","caption":"","alt":"","description":""},"splash_opacity":"0.35","splash_welcome_text":"Book and Experience Unique Places","splash_welcome_sub":"WordPress Theme For Rentals","top_bar":"0","top_bar_width":"container","top_bar_mobile":"0","top_bar_left":"none","top_bar_right":"none","top_bar_phone":"","top_bar_email":"","top_bar_slogan":"","currency_symbol":"$","currency_position":"before","decimals":"2","decimal_point_separator":".","thousands_separator":",","reservation_payment":"percent","booking_percent":"1","enable_services_fee":"1","services_fee_type":"fixed","services_fee":"30","enable_taxes":"1","tax_type":"global_tax","taxes_percent":"5","enable_search":"0","search_width":"container","enable_search_single":"0","search_position":"under_banner","search_pages":"specific_pages","min_price":"10,20,30,40,50,60,70,80,90,100,110,120,130,140,150,160","max_price":"50,100,125,150,160,200,250,300,400,500,600,700,800,900,1000,1200","search_visible_fields":{"enabled":{"placebo":"placebo","location":"Location","arrive_depart":"Arrive & Depart","guests":"Guest"},"disabled":{"placebo":"placebo","listing_type":"Listing Type"}},"advanced_filter":"1","search_hide_fields":{"bedrooms":"","rooms":"","room_type":"","search_price":"","search_amenities":"","search_facilities":""},"beds_baths_rooms_search":"equal","search_result_page":"normal_page","search_posts_layout":"list","search_default_order":"d_date","search_num_posts":"9","payment_currency":"USD","make_featured":"1","price_featured_listing":"12","featured_listing_expire":"30","payment_terms_condition":"","payment_privacy_policy":"","enable_paypal":"1","paypal_api":"sandbox","paypal_client_id":"AeDRt4lANoMcUpmeOV4Xkt_V37q8VUbDrSPUxZllgFUJUzCxbMeHhoVYNFewKOTSFBjrTAuHs9ldml9L","paypal_client_secret_key":"EFd8eRfwtjTpVTVgKDEsvrpI3VHx8EJbU_NY6-a6sSLpP9ZCNpV1IeZSjdoue82JVwpKj1Epm6Jnoams","paypal_receiving_email":"","enable_stripe":"0","stripe_api":"sandbox","stripe_secret_key":"","stripe_publishable_key":"","typo-body":{"font-family":"Roboto","font-options":"","google":"1","font-weight":"300","font-style":"","subsets":"","text-transform":"none","font-size":"15px","line-height":"24px"},"typo-menu":{"font-family":"Roboto","font-options":"","google":"1","font-weight":"700","font-style":"","subsets":"","text-transform":"none","font-size":"15px","line-height":"80px"},"typo-headings":{"font-family":"Playfair Display","font-options":"","google":"1","font-weight":"400","font-style":"","subsets":"latin","text-align":"inherit","text-transform":"inherit"},"body_bg_color":"#f7f8f9","text_color":"#3b4249","primary_color":"#5b8b8b","primary_color_hover":"#4e6e7a","secondary_color":"#5b8b8b","secondary_color_hover":"#4e6e7a","primary_btn_bg_color":{"regular":"#5b8b8b","hover":"#4e6e7a","active":"#4e6e7a"},"primary_btn_border_color":{"regular":"#5b8b8b","hover":"#4e6e7a","active":"#4e6e7a"},"primary_btn_color":{"regular":"#ffffff","hover":"#ffffff","active":"#ffffff"},"secondary_btn_bg_color":{"regular":"#ad7f22","hover":"#8e641c","active":"#8e641c"},"secondary_btn_border_color":{"regular":"#ad7f22","hover":"#8e641c","active":"#8e641c"},"secondary_btn_color":{"regular":"#ffffff","hover":"#ffffff","active":"#ffffff"},"header_bg":"#5b8b8b","header_border":{"border-top":"0px","border-right":"0px","border-bottom":"1px","border-left":"0px","border-style":"solid","border-color":"#d8dce1"},"mainmenu_color":"#ffffff","mainmenu_color_hover":"#ffffff","mainmenu_dropdown_color":"#ffffff","mainmenu_dropdown_color_hover":"#5b8b8b","mainmenu_dropdown_bg_color":"#5b8b8b","mainmenu_dropdown_border":{"border-top":"0px","border-right":"0px","border-bottom":"1px","border-left":"0px","border-style":"solid","border-color":"#d8dce1"},"mainmenu_trigger_color":"#4f5962","login_regis_color":"#ffffff","login_regis_color_hover":"#ffffff","user_menu_color":"#4f5962","user_menu_color_hover":"#4f5962","user_menu_color_bg_hover":"","user_menu_bg_color":"#ffffff","become_host_color":"#ffffff","become_host_color_hover":"#ffffff","become_host_bg_color":"#e5be20","become_host_bg_color_hover":"#edad00","become_host_border_color":"#e5be20","become_host_border_color_hover":"#edad00","header_top_bg":"#5b8b8b","header_top_border":{"border-top":"0px","border-right":"0px","border-bottom":"1px","border-left":"0px","border-style":"solid","border-color":"#5b8b8b"},"header_top_social_color":"#ffffff","trans_menu_color":"#ffffff","trans_menu_color_hover":"#ffffff","search_bg":"#ffffff","top_bar_bg":"#4f5962","top_bar_color":"#ffffff","top_bar_color_hover":{"color":"#ffffff","alpha":".80","rgba":"rgba(255,255,255,0.8)"},"featured_label_bg_color":"#54c4d9","featured_label_color":"#ffffff","footer_bg_color":"#3b4249","footer_bottom_bg_color":"#3b4249","footer_color":"#ffffff","footer_hover_color":"#54c4d9","listing_form_sections":{"enabled":{"placebo":"placebo","information":"Information","pricing":"Pricing","media":"Media","features":"Features","location":"Location","bedrooms":"Bedrooms","term_rules":"Terms & Rules"},"disabled":{"placebo":"placebo","services":"Services"}},"add_location_lat":"25.761681","add_location_long":"-80.191788","openning_hours_list":"8:00 AM, 8:30 AM, 9:00 AM, 9:30 AM, 10:00 AM, 10:30 AM, 11:00 AM, 11:30 AM, 12:00 PM, 12:30 PM, 1:00 PM, 1:30 PM, 2:00 PM, 2:30 PM, 3:00 PM, 3:30 PM, 4:00 PM, 4:30 PM, 5:00 PM, 5:30 PM, 6:00 PM, 6:30 PM, 7:00 PM, 7:30 PM, 8:00 PM, 8:30 PM, 9:00 PM","checkin_after_before":"8:00 AM, 8:30 AM, 9:00 AM, 9:30 AM, 10:00 AM, 10:30 AM, 11:00 AM, 11:30 AM, 12:00 PM, 12:30 PM, 1:00 PM, 1:30 PM, 2:00 PM, 2:30 PM, 3:00 PM, 3:30 PM, 4:00 PM, 4:30 PM, 5:00 PM, 5:30 PM, 6:00 PM, 6:30 PM, 7:00 PM, 7:30 PM, 8:00 PM, 8:30 PM, 9:00 PM","add_hide_fields":{"room_type":"","listing_title":"","description":"","listing_bedrooms":"","guests":"","beds":"","baths":"","listing_rooms":"","listing_type":"","listing_size":"","listing_size_unit":"","instant_booking":"","night_price":"","weekends_price":"","weekends_days":"","priceWeek":"","priceMonthly":"","allow_additional_guests":"","cleaning_fee":"","city_fee":"","security_deposit":"","tax_rate":"","amenities":"","facilities":"","listing_address":"","aptSuit":"","country":"","state":"","city":"","area":"","zipcode":"","video_url":"","cancel_policy":"","min_book_days":"","max_book_days":"","checkin_after":"","checkout_before":"","smoking_allowed":"","pets_allowed":"","party_allowed":"","children_allowed":"","additional_rules":"","section_openning":"1","section_custom_pricing":""},"add_listing_required_fields":{"room_type":"","listing_title":"1","listing_bedrooms":"","guests":"","beds":"","baths":"","listing_rooms":"","listing_type":"","listing_size":"","listing_size_unit":"","night_price":"1","weekends_price":"","weekends_days":"","priceWeek":"","priceMonthly":"","listing_address":"1","aptSuit":"","country":"","state":"","city":"","area":"","zip":"","cancellation_policy":"","min_book_days":"","max_book_days":"","checkin_after":"","checkout_before":""},"update_cal_title":"Update Calendar","update_cal_des":"Lorem ipsum dolor sit amet, consectetur adipiscing elit. Ut vehicula eget turpis laoreet pulvinar","custom_prices_title":"Setup Custom Prices","custom_prices_des":"Set up custom prices for selected periods.","update_featured_title":"Upgrade to featured","update_featured_des":"Lorem ipsum dolor sit amet, consectetur adipiscing elit. Ut vehicula eget turpis laoreet pulvinar","detail_layout":"v1","what_to_show":"booking_form","print_button":"1","detail_favorite":"1","detail_share":"1","detail_contact_form":"1","detail_forms_terms":"1","detail_forms_terms_text":"I agree with your <a href=\"http:\/\/your-website.com\/terms-and-condition\">Terms & Conditions<\/a>","detail_forms_terms_validation":"You need to agree with terms & conditions.","listing_blocks":{"enabled":{"placebo":"placebo","about":"About","details":"Details","gallery":"Gallery","prices":"Prices","services":"Services","accomodation":"Accomodation","features":"Features","map":"Map","rules":"Rules","availability":"Availability","reviews":"Reviews","similar-listing":"Similar Listing"},"disabled":{"placebo":"placebo","nearby":"Near By","video":"Video","host":"Host","about_commercial":"About(commercial)","custom-periods":"Custom Periods"}},"show_hide_labels":{"sn_type_label":"","sn_accom_label":"","sn_bedrooms_label":"","sn_bathrooms_label":"","sn_rooms_label":"","sn_about_listing_title":"","sn_accommodates_label":"","sn_opening_hours_label":"","sn_size_label":"","sn_beds_label":"","sn_guests_label":"","sn_check_in_after":"","sn_check_out_before":"","sn_nightly_label":"","sn_weekends_label":"","sn_weekly7d_label":"","sn_monthly30d_label":"","sn_security_deposit_label":"","sn_tax_rate_label":"","sn_addinal_guests_label":"","sn_allow_additional_guests":"","sn_cleaning_fee":"","sn_city_fee":"","sn_min_no_of_days":"","sn_max_no_of_days":"","sn_smoking_allowed":"","sn_pets_allowed":"","sn_party_allowed":"","sn_children_allowed":"","sn_add_rules_info":"","sn_min_stay_is":"","sn_max_stay_is":""},"homey_yelp":"1","homey_yelp_api_key":"x9BdwJf6GtYzKk7a_yD4gvoq3CyeQ8R1yz2F7SlnBSAN9NfN81baU36Ug4laxrLxPcJ04RRVZnhbC72-Pq0oW5kI3iP6UG6Kjhfp-BW1BxiCzuoQNvzh2aN_17amWXYx","homey_yelp_term":["arts","food","health","nightlife"],"homey_yelp_limit":"3","homey_yelp_dist_unit":"miles","listing_reviews":"1","num_of_review":"5","similer_listings":"1","similer_listings_layout":"list","similer_listings_count":"4","detail_icon_type":"fontawesome_icon","de_type_icon":"homey-icon homey-icon-house-2","de_acco_icon":"homey-icon homey-icon-multiple-man-woman-2","de_acco_sec_icon":"homey-icon homey-icon-hotel-double-bed","de_bedroom_icon":"homey-icon homey-icon-hotel-double-bed","de_bathroom_icon":"homey-icon homey-icon-bathroom-shower-1","de_cus_type_icon":{"url":"","id":"","height":"","width":"","thumbnail":"","title":"","caption":"","alt":"","description":""},"de_cus_acco_icon":{"url":"","id":"","height":"","width":"","thumbnail":"","title":"","caption":"","alt":"","description":""},"de_cus_acco_sec_icon":{"url":"","id":"","height":"","width":"","thumbnail":"","title":"","caption":"","alt":"","description":""},"de_cus_bedroom_icon":{"url":"","id":"","height":"","width":"","thumbnail":"","title":"","caption":"","alt":"","description":""},"de_cus_bathroom_icon":{"url":"","id":"","height":"","width":"","thumbnail":"","title":"","caption":"","alt":"","description":""},"print_page_logo":{"url":"http:\/\/wordpress-89239-751664.cloudwaysapps.com\/wp-content\/themes\/homey\/images\/logo.png","id":"","height":"","width":"","thumbnail":"","title":"","caption":"","alt":"","description":""},"print_tagline":"1","print_rating":"1","print_qr_code":"1","print_host":"1","print_description":"1","print_details":"1","print_pricing":"1","print_accomodation":"1","print_features":"1","print_rules":"1","print_availability":"1","print_gallery":"0","pagination_type":"loadmore","no_of_listings":"12","no_of_listings_grid_card":"12","sticky_map_layout":"list","halfmap_posts_layout":"list","cgl_meta":"1","cgl_beds":"1","cgl_baths":"1","cgl_guests":"1","cgl_types":"1","enable_host":"0","rating":"1","compare_favorite":"1","taxonomy_layout":"right-sidebar","taxonomy_posts_layout":"grid","taxonomy_default_order":"featured_top","taxonomy_num_posts":"10","map_api_key":"","googlemap_ssl":"no","markerPricePins":"no","pin_cluster_enable":"yes","pin_cluster":{"url":"http:\/\/wordpress-89239-751664.cloudwaysapps.com\/wp-content\/uploads\/2018\/11\/cluster-3.png","id":"1491","height":"47","width":"47","thumbnail":"http:\/\/wordpress-89239-751664.cloudwaysapps.com\/wp-content\/uploads\/2018\/11\/cluster-3.png","title":"cluster-3","caption":"","alt":"","description":""},"pin_cluster_zoom":"12","detail_map_pin_type":"circle","singlemap_zoom_level":"14","googlemap_stype":"[\r\n    {\r\n        \"featureType\": \"administrative\",\r\n        \"elementType\": \"labels.text.fill\",\r\n        \"stylers\": [\r\n            {\r\n                \"color\": \"#6e6e6e\"\r\n            }\r\n        ]\r\n    },\r\n    {\r\n        \"featureType\": \"landscape\",\r\n        \"elementType\": \"all\",\r\n        \"stylers\": [\r\n            {\r\n                \"color\": \"#f4f4f4\"\r\n            }\r\n        ]\r\n    },\r\n    {\r\n        \"featureType\": \"poi\",\r\n        \"elementType\": \"all\",\r\n        \"stylers\": [\r\n            {\r\n                \"visibility\": \"off\"\r\n            }\r\n        ]\r\n    },\r\n    {\r\n        \"featureType\": \"poi.park\",\r\n        \"elementType\": \"all\",\r\n        \"stylers\": [\r\n            {\r\n                \"visibility\": \"on\"\r\n            },\r\n            {\r\n                \"color\": \"#d2ef9d\"\r\n            }\r\n        ]\r\n    },\r\n    {\r\n        \"featureType\": \"road\",\r\n        \"elementType\": \"all\",\r\n        \"stylers\": [\r\n            {\r\n                \"saturation\": -100\r\n            },\r\n            {\r\n                \"lightness\": 45\r\n            }\r\n        ]\r\n    },\r\n    {\r\n        \"featureType\": \"road.highway\",\r\n        \"elementType\": \"all\",\r\n        \"stylers\": [\r\n            {\r\n                \"visibility\": \"simplified\"\r\n            }\r\n        ]\r\n    },\r\n    {\r\n        \"featureType\": \"road.arterial\",\r\n        \"elementType\": \"labels.icon\",\r\n        \"stylers\": [\r\n            {\r\n                \"visibility\": \"off\"\r\n            }\r\n        ]\r\n    },\r\n    {\r\n        \"featureType\": \"transit\",\r\n        \"elementType\": \"all\",\r\n        \"stylers\": [\r\n            {\r\n                \"visibility\": \"off\"\r\n            }\r\n        ]\r\n    },\r\n    {\r\n        \"featureType\": \"water\",\r\n        \"elementType\": \"all\",\r\n        \"stylers\": [\r\n            {\r\n                \"color\": \"#94dfed\"\r\n            },\r\n            {\r\n                \"visibility\": \"on\"\r\n            }\r\n        ]\r\n    }\r\n]","enable_reCaptcha":"0","recaptha_site_key":"","recaptha_secret_key":"","invoice_logo":{"url":"http:\/\/wordpress-89239-751664.cloudwaysapps.com\/wp-content\/themes\/homey\/images\/logo.png","id":"","height":"","width":"","thumbnail":"","title":"","caption":"","alt":"","description":""},"invoice_company_name":"Homey LLC","invoice_address":"2983 Halton Road, Suite #320<br\/>\r\nMiami Beach<br\/>\r\nFlorida<br\/>\r\n33139<br\/>","invoice_additional_info":"The lorem ipsum text is typically a scrambled section of De finibus bonorum et malorum, a 1st-century BC Latin text by Cicero, with words altered, added, and removed to make it nonsensical, improper Latin.[citation needed]","enable_html_emails":"1","enable_email_header":"1","email_head_logo":{"url":"http:\/\/wordpress-89239-751664.cloudwaysapps.com\/wp-content\/themes\/homey\/images\/logo.png","id":"","height":"","width":"","thumbnail":"","title":"","caption":"","alt":"","description":""},"email_head_bg_color":"#00AEEF","enable_email_footer":"1","email_foot_bg_color":"#FFFFFF","email_footer_content":"<p style=\"margin: 0 0 10px;\">Copyright \u00a9 2018 Favethemes, All rights reserved.<\/p>\r\n<p style=\"margin: 0 0 10px;\">Please do not reply to this email. You are receiving this email because you are subscribed to <a style=\"color: #00aeef; text-decoration: none;\" href=\"http:\/\/homey.co\">homey.co<\/a><\/p>\r\n<p style=\"margin: 0 0 10px;\">Our mailing address is:<\/p>\r\n<p style=\"margin: 0 0 10px;\">Favethemes\r\n1680 Michigan Ave\r\nMiami Beach, FL 33139-2538<\/p>","social_1_icon":{"url":"","id":"","height":"","width":"","thumbnail":"","title":"","caption":"","alt":"","description":""},"social_1_link":"","social_2_icon":{"url":"","id":"","height":"","width":"","thumbnail":"","title":"","caption":"","alt":"","description":""},"social_2_link":"","social_3_icon":{"url":"","id":"","height":"","width":"","thumbnail":"","title":"","caption":"","alt":"","description":""},"social_3_link":"","social_4_icon":{"url":"","id":"","height":"","width":"","thumbnail":"","title":"","caption":"","alt":"","description":""},"social_4_link":"","homey_subject_new_user_register":"Your username and password on {site_title}","homey_new_user_register":"<p>Congratulations! Your account has been registered at {site_title} <br \/>Your username : {user_login}<br \/>Your password : {user_password}<br \/>You can manage your account <a href=\"{profile_url}\">here<\/a><br \/><br \/>Thank you for choosing Homey!<br \/>Homey Team.<\/p>","homey_subject_admin_new_user_register":"New User Registration on {site_title}","homey_admin_new_user_register":"<p>New user registration on {site_title}.<br \/>Username: {user_login},<br \/>E-mail: {user_email}<\/p>","homey_subject_new_reservation":"New Reservation Request at {site_title}","homey_new_reservation":"<p>Horay! You received a new reservation on {site_title} <br \/>Confirm Availability <a href=\"{reservation_detail_url}\">Confirm<\/a><br \/><br \/>Thank you for choosing Homey!<br \/>Homey Team.<\/p>","homey_subject_confirm_reservation":"Reservation Confirmed on {site_title}","homey_confirm_reservation":"<p>So far so good! Host confirmed availability for your reservation.<br \/>Complete the payment due <a href=\"{reservation_detail_url}\">Pay Now<\/a><br \/><br \/>Thank you for choosing Homey!<br \/>Homey Team.<\/p>","homey_subject_booked_reservation":"Reservation Booked on {site_title}","homey_booked_reservation":"<p>Well done! Payment received the reservation has been booked.<br \/>View detail by clicking <a href=\"{reservation_detail_url}\">here<\/a><br \/><br \/>Thank you for choosing Homey!<br \/>Homey Team.<\/p>","homey_subject_admin_booked_reservation":"Reservation Booked on {site_title}","homey_admin_booked_reservation":"<p>Congratulations! The reservation has been booked.<br \/>View detail by clicking <a href=\"{reservation_detail_url}\">here<\/a><br \/><br \/>Thank you for choosing Homey!<br \/>Homey Team.<\/p>","homey_subject_declined_reservation":"Reservation Declined on {site_title}","homey_declined_reservation":"<p>Your reservation has been declined by the host<br \/>View detail by clicking <a href=\"{reservation_detail_url}\">here<\/a><br \/><br \/>Thank you for choosing Homey!<br \/>Homey Team.<\/p>","homey_subject_cancelled_reservation":"Reservation Cancelled on {site_title}","homey_cancelled_reservation":"<p>The reservation has been cancelled<br \/>View detail by clicking <a href=\"{reservation_detail_url}\">here<\/a><br \/><br \/>Thank you for choosing Homey!<br \/>Homey Team.<\/p>","404-title":"Oh oh! Page not found.","404-des":"We're sorry, but the page you are looking for doesn't exist.<br>                You can search your topic using the box below or return to the homepage.","minify_js":"0","minify_css":"0","remove_scripts_version":"0","jpeg_100":"0","custom_css":"\/* help classes\r\n\/* ----------------------------------------------------------- *\/\r\n.home .top-banner-wrap {\r\n    height: calc(100% - 144px);\r\n}","custom_js_header":"","custom_js_footer":"","footer_cols":"three_cols","copy_rights":"Homey - All rights reserved - Designed and Developed by Favethemes","social-footer":"1","fs-facebook":"#","fs-twitter":"#","fs-googleplus":"#","fs-linkedin":"#","fs-instagram":"#","fs-pinterest":"#","fs-yelp":"#","fs-youtube":"#","gdpr-enabled":"0","gdpr-label":"I consent to having this website to store my submitted infomation, read more infomation below","gdpr-agreement-content":"Lorem ipsum dolor sit amet, consectetur adipiscing elit. Sed risus lacus, sollicitudin at finibus at, pretium id dui. Nunc erat felis, pharetra id feugiat et, faucibus a justo. Donec eu condimentum nisi. Integer facilisis luctus massa, sit amet commodo nulla vehicula ac. Fusce vehicula nibh magna, in efficitur elit euismod eget. Quisque egestas consectetur diam, eu facilisis justo vestibulum a. Aenean facilisis volutpat orci. Mauris in pellentesque nulla. Maecenas justo felis, vestibulum non cursus sit amet, blandit et velit.\r\n\r\nVivamus a commodo urna. In hac habitasse platea dictumst. Ut tincidunt est sed accumsan aliquet. Sed fringilla volutpat bibendum. Nunc fermentum massa vitae iaculis pulvinar. Integer hendrerit auctor risus et luctus. Donec convallis luctus ultrices. Maecenas scelerisque sed purus ac hendrerit. Nulla vel facilisis magna.\r\n\r\nSuspendisse hendrerit enim in tellus pharetra cursus. Pellentesque habitant morbi tristique senectus et netus et malesuada fames ac turpis egestas. Integer sed laoreet nisl. Nullam feugiat ut enim id tempor. Nunc euismod nec dui at suscipit. Duis sit amet cursus nibh. Mauris tincidunt ante quis augue accumsan, quis porttitor ipsum bibendum. Vivamus congue arcu sit amet arcu imperdiet, a laoreet ligula auctor. Aliquam ultrices porttitor malesuada.\r\n\r\nMauris erat quam, condimentum quis lacinia sed, suscipit in nisi. Etiam eleifend tristique pellentesque. Duis a odio neque. Quisque mollis velit enim, in mollis arcu blandit vel. Praesent accumsan nisi odio, vitae semper neque faucibus in. Class aptent taciti sociosqu ad litora torquent per conubia nostra, per inceptos himenaeos. Aliquam pellentesque neque sem. Donec vehicula, lacus vitae gravida tempus, lorem felis faucibus est, sed dapibus velit tortor nec velit.\r\n\r\nAliquam convallis id metus eu venenatis. Morbi nec augue turpis. Suspendisse tincidunt massa vitae malesuada mollis. Donec suscipit feugiat porttitor. Sed pharetra auctor enim. Cras faucibus in metus eu ultrices. Mauris vitae vehicula sapien.","tps-facebook":false,"tps-twitter":false,"tps-googleplus":false,"tps-linkedin":false,"tps-instagram":false,"tps-pinterest":false,"tps-yelp":false,"tps-youtube":false,"ins_page_title":"Enjoy and book with confidence.","ins_page_subtitle":"Leave the ability to add content in this page","ins_learnmore":"","homey_subject_featured_submission_listing":"New featured upgrade on {site_url}","homey_featured_submission_listing":"Hi there,\nYou have a new featured submission on  {site_url}!\nListing Title: {listing_title}\nListing ID:  {listing_id}\nThe invoice number is: {invoice_no}","homey_subject_admin_featured_submission_listing":"New featured submission on {site_url}","homey_admin_featured_submission_listing":"Hi there,\nYou have a new featured submission on  {site_url}!\nListing Title: {listing_title}\nListing ID:  {listing_id}\nThe invoice number is: {invoice_no}","currency_converter":0,"default_currency":"USD","listing-detail-nav":0,"redux-backup":"1"}