{"blog-sidebar":{"nav_menu-3":{"title":"Company","nav_menu":53},"homey_listing-5":{"title":"Our Rooms","items_num":"5","listing_type":"","room_type":"","listing_city":"","listing_area":"","listing_state":"","widget_type":"","featured":null},"homey_latest_reviews-7":{"title":"Latest Reviews","items_num":"3"},"search-3":{"title":"Search"},"homey_latest_posts-5":{"title":"Latest Posts","items_num":"5","category":""},"homey_latest_comments-5":{"title":"Latest Comments","comments_show":"3"},"homey_contact-7":{"title":"Contact Us","about_text":"Lorem ipsum dolor sit amet, consectetur adipiscing elit. Duis mollis et sem sed sollicitudin. Donec non odio neque. ","phone":"(786) 987 6543","fax":"(786) 123 4567","email":"homey@email.com","address":"601 S Devon Ave, Wayne, PA 19087, United States","more_url":"http:\/\/wordpress-89239-662987.cloudwaysapps.com\/contact-us\/"}},"page-sidebar":{"nav_menu-4":{"title":"Company","nav_menu":53}},"listing-sidebar":{"mc4wp_form_widget-2":{"title":"Newsletter"}}}