{"blog-sidebar":{"nav_menu-1":{"title":"Company","nav_menu":53},"nav_menu-2":{"title":"Help","nav_menu":53},"search-1":{"title":"Search"}},"page-sidebar":{"nav_menu-3":{"title":"Company","nav_menu":53},"nav_menu-4":{"title":"Help","nav_menu":53},"nav_menu-6":{"title":"Company","nav_menu":null}},"listing-sidebar":{"homey_listing_listview-7":{"title":"Featured","items_num":"4","listing_type":"","room_type":"","listing_city":"","listing_area":"","listing_state":"","featured":"on"},"homey_listing-2":{"title":"Slider","items_num":"5","listing_type":"","room_type":"","listing_city":"","listing_area":"","listing_state":"","widget_type":"slider","featured":null},"homey_latest_reviews-6":{"title":"Latest Reviews","items_num":"3"},"mc4wp_form_widget-3":{"title":"Newsletter"}},"blog-sidebar":{"nav_menu-5":{"title":"Company","nav_menu":null},"homey_listing-3":{"title":"Our Rooms","items_num":"5","listing_type":"","room_type":"","listing_city":"","listing_area":"","listing_state":"","widget_type":"","featured":null},"homey_latest_reviews-7":{"title":"Latest Reviews","items_num":"3"},"search-2":{"title":"Search"},"homey_latest_posts-6":{"title":"Latest Posts","items_num":"5","category":""},"homey_latest_comments-4":{"title":"Latest Comments","comments_show":"3"},"homey_contact-4":{"title":"Contact Us","about_text":"Lorem ipsum dolor sit amet, consectetur adipiscing elit. Duis mollis et sem sed sollicitudin. Donec non odio neque. ","phone":"(786) 987 6543","fax":"(786) 123 4567","email":"homey@email.com","address":"601 S Devon Ave, Wayne, PA 19087, United States","more_url":"http:\/\/wordpress-89239-662987.cloudwaysapps.com\/contact-us\/"}},"footer-sidebar-1":{"homey_about_widget-2":{"title":"","img_url":"http:\/\/wordpress-89239-654240.cloudwaysapps.com\/wp-content\/uploads\/2019\/01\/1-homey-logo-copy.png","about_text":"Homey is a powerful booking platform that lets you run a residential or commercial rental business online with no hassle","more_url":""}},"footer-sidebar-2":{"homey_taxonomies-3":{"title":"Explore","taxonomy":"listing_type","tax_count":"no","tax_child":"no","items_num":"6"}},"footer-sidebar-3":{"mc4wp_form_widget-2":{"title":"Newsletter Sign Up"}}}