<?xml version="1.0" encoding="UTF-8" ?>
<!-- This is a WordPress eXtended RSS file generated by WordPress as an export of your site. -->
<!-- It contains information about your site's posts, pages, comments, categories, and other content. -->
<!-- You may use this file to transfer that content from one site to another. -->
<!-- This file is not intended to serve as a complete backup of your site. -->

<!-- To import this information into a WordPress site follow these steps: -->
<!-- 1. Log in to that site as an administrator. -->
<!-- 2. Go to Tools: Import in the WordPress admin panel. -->
<!-- 3. Install the "WordPress" importer from the list. -->
<!-- 4. Activate & Run Importer. -->
<!-- 5. Upload this file using the form provided on that page. -->
<!-- 6. You will first be asked to map the authors in this export file to users -->
<!--    on the site. For each author, you may choose to map to an -->
<!--    existing user on the site or to create a new user. -->
<!-- 7. WordPress will then import each of the posts, pages, comments, categories, etc. -->
<!--    contained in this file into your site. -->

<!-- generator="WordPress/5.0.3" created="2019-02-16 13:24" -->
<rss version="2.0"
	xmlns:excerpt="http://wordpress.org/export/1.2/excerpt/"
	xmlns:content="http://purl.org/rss/1.0/modules/content/"
	xmlns:wfw="http://wellformedweb.org/CommentAPI/"
	xmlns:dc="http://purl.org/dc/elements/1.1/"
	xmlns:wp="http://wordpress.org/export/1.2/"
>

<channel>
	<title>Homey01</title>
	<link>http://wordpress-89239-751427.cloudwaysapps.com</link>
	<description>Just another WordPress site</description>
	<pubDate>Sat, 16 Feb 2019 13:24:09 +0000</pubDate>
	<language>en-US</language>
	<wp:wxr_version>1.2</wp:wxr_version>
	<wp:base_site_url>http://wordpress-89239-751427.cloudwaysapps.com</wp:base_site_url>
	<wp:base_blog_url>http://wordpress-89239-751427.cloudwaysapps.com</wp:base_blog_url>

	<wp:author><wp:author_id>1</wp:author_id><wp:author_login><![CDATA[bitwallas@yahoo.com]]></wp:author_login><wp:author_email><![CDATA[bitwallas@yahoo.com]]></wp:author_email><wp:author_display_name><![CDATA[Mike Parker]]></wp:author_display_name><wp:author_first_name><![CDATA[waqas]]></wp:author_first_name><wp:author_last_name><![CDATA[riaz]]></wp:author_last_name></wp:author>


	<generator>https://wordpress.org/?v=5.0.3</generator>

	<item>
		<title>Five Facts That Nobody Told You About Booking</title>
		<link>http://wordpress-89239-751427.cloudwaysapps.com/five-facts-that-nobody-told-you-about-booking/</link>
		<pubDate>Thu, 18 Oct 2018 20:48:27 +0000</pubDate>
		<dc:creator><![CDATA[bitwallas@yahoo.com]]></dc:creator>
		<guid isPermaLink="false">http://wordpress-89239-751427.cloudwaysapps.com/?p=556</guid>
		<description></description>
		<content:encoded><![CDATA[Lorem ipsum dolor sit amet, consectetur adipiscing elit. Duis mollis et sem sed sollicitudin. Donec non odio neque. Aliquam hendrerit sollicitudin purus, quis rutrum mi accumsan nec. <strong>Quisque bibendum orci ac nibh facilisis</strong>, at malesuada orci congue. Nullam tempus sollicitudin cursus. Ut et adipiscing erat. Curabitur <a href="https://magzilla10.favethemes.com/wp/magzilla/demo02/introducing-a-revolutionary-method-to-master-make-up/">this is a text link</a> libero tempus congue.

Duis mattis laoreet neque, et ornare neque sollicitudin at. Proin sagittis dolor sed mi elementum pretium. Donec et justo ante. Vivamus egestas sodales est, eu rhoncus urna semper eu. Cum sociis natoque penatibus et magnis dis parturient montes, nascetur ridiculus mus. Integer tristique elit lobortis purus bibendum, quis dictum metus mattis. Phasellus posuere felis sed eros porttitor mattis. Curabitur massa magna, tempor in blandit id, porta in ligula. Aliquam laoreet nisl massa, at interdum mauris sollicitudin et.
<h2>Quisque this is a link nibh facilisis at malesuada</h2>
Nullam tempus sollicitudin cursus. Nulla elit mauris, volutpat eu varius malesuada, pulvinar eu ligula. Ut et adipiscing erat. Curabitur adipiscing erat vel libero tempus congue. Nam pharetra interdum vestibulum. Aenean gravida mi non aliquet porttitor. Praesent dapibus, nisi a faucibus tincidunt, quam dolor condimentum metus, in convallis libero ligula ut eros.

[gallery size="large" link="none" columns="4" ids="560,579,558,576"]

Proin suscipit, ex non sodales aliquam, ante mauris laoreet felis, vitae fermentum ligula nibh ut ex. Vivamus sem magna, iaculis ut pretium ac, tincidunt vel ipsum. Maecenas commodo, velit vel porta vulputate, lorem sem accumsan nunc, nec scelerisque elit turpis eget mauris. Donec dictum elit vel nunc tristique, eu lobortis ante sodales. Etiam posuere leo ut leo laoreet, a gravida dui ultricies. Morbi vehicula nulla eget elit mollis, at condimentum est feugiat.
<div class="fluid-width-video-wrapper">
<div id="gallery-1" class="gallery galleryid-637 gallery-columns-4 gallery-size-medium">
<figure class="gallery-item">
<div class="gallery-icon landscape"></div></figure>
<figure class="gallery-item">
<div class="gallery-icon landscape"></div></figure>
</div>
</div>
<blockquote>Duis mollis et sem sed sollicitudin. Donec non odio neque. Aliquam hendrerit sollicitudin purus, quis  rutrum mi accumsan nec.</blockquote>
Duis mattis laoreet neque, et ornare neque sollicitudin at. Proin sagittis dolor sed mi elementum pretium. Donec et justo ante. Vivamus egestas sodales est, eu rhoncus urna semper eu. Cum sociis natoque penatibus et magnis dis parturient montes, nascetur ridiculus mus. Integer tristique elit lobortis purus bibendum, quis dictum metus mattis.
<h3>Phasellus posuere felis sed eros porttitor mattis</h3>
Curabitur massa magna, tempor in blandit id, porta in ligula. Aliquam laoreet nisl massa, at interdum mauris sollicitudin et. Mauris risus lectus, tristique at nisl at, pharetra tristique enim.

Nullam this is a link nibh facilisis, at malesuada orci congue. Nullam tempus sollicitudin cursus. Nulla elit mauris, volutpat eu varius malesuada, pulvinar eu ligula. Ut et adipiscing erat. Curabitur adipiscing erat vel libero tempus congue. Nam pharetra interdum vestibulum. Aenean gravida mi non aliquet porttitor. Praesent dapibus, nisi a faucibus tincidunt, quam dolor condimentum metus, in convallis libero ligula ut eros.
<ul>
 	<li>Lorem ipsum dolor sit amet, consectetuer adipiscing elit.</li>
 	<li>Aliquam tincidunt mauris eu risus.
<ol>
 	<li>Lorem ipsum dolor sit amet, consectetuer adipiscing elit.</li>
 	<li>Aliquam tincidunt mauris eu risus.</li>
 	<li>Vestibulum auctor dapibus neque.</li>
</ol>
</li>
 	<li>Vestibulum auctor dapibus neque.</li>
</ul>
Ut non gravida arcu. Vivamus non congue leo. Aliquam dapibus laoreet purus, vitae iaculis eros egestas ac. Mauris massa est, lobortis a viverra eget, elementum sit amet ligula. Maecenas venenatis eros quis porta laoreet.
<h4>Sed ultrices placerat metus. Vivamus posuere leo nunc, eget mollis odio posuere nec.</h4>
<img class="size-large wp-image-562 aligncenter" src="http://wordpress-89239-751427.cloudwaysapps.com/wp-content/uploads/2018/10/blog-01-1024x576.jpg" alt="" width="1024" height="576" />

&nbsp;

Vivamus varius vitae dolor ac hendrerit. Vestibulum nec dolor ac nunc blandit aliquam. Nam at metus non ligula egestas varius ac sed mauris. Fusce at mi metus. Nam elementum dui id nulla bibendum elementum.
<ol>
 	<li>Lorem ipsum dolor sit amet, consectetuer adipiscing elit.</li>
 	<li>Aliquam tincidunt mauris eu risus.
<ol>
 	<li>Lorem ipsum dolor sit amet, consectetuer adipiscing elit.</li>
 	<li>Aliquam tincidunt mauris eu risus.</li>
 	<li>Vestibulum auctor dapibus neque.</li>
</ol>
</li>
 	<li>Vestibulum auctor dapibus neque.</li>
</ol>
Proin sagittis dolor sed mi elementum pretium. Donec et justo ante. Vivamus egestas sodales est, eu rhoncus urna semper eu. Cum sociis natoque penatibus et magnis dis parturient montes, nascetur ridiculus mus. Integer tristique elit lobortis purus bibendum, quis dictum metus mattis. Phasellus posuere felis sed eros porttitor mattis. Curabitur massa magna, tempor in blandit id, porta in ligula. Aliquam laoreet nisl massa, at interdum mauris sollicitudin et.]]></content:encoded>
		<excerpt:encoded><![CDATA[]]></excerpt:encoded>
		<wp:post_id>556</wp:post_id>
		<wp:post_date><![CDATA[2018-10-18 20:48:27]]></wp:post_date>
		<wp:post_date_gmt><![CDATA[2018-10-18 20:48:27]]></wp:post_date_gmt>
		<wp:comment_status><![CDATA[open]]></wp:comment_status>
		<wp:ping_status><![CDATA[open]]></wp:ping_status>
		<wp:post_name><![CDATA[five-facts-that-nobody-told-you-about-booking]]></wp:post_name>
		<wp:status><![CDATA[publish]]></wp:status>
		<wp:post_parent>0</wp:post_parent>
		<wp:menu_order>0</wp:menu_order>
		<wp:post_type><![CDATA[post]]></wp:post_type>
		<wp:post_password><![CDATA[]]></wp:post_password>
		<wp:is_sticky>0</wp:is_sticky>
		<category domain="post_tag" nicename="accomodations"><![CDATA[Accomodations]]></category>
		<category domain="category" nicename="booking"><![CDATA[Booking]]></category>
		<category domain="post_tag" nicename="booking"><![CDATA[Booking]]></category>
		<category domain="post_tag" nicename="holidays"><![CDATA[Holidays]]></category>
		<category domain="post_tag" nicename="rentals"><![CDATA[Rentals]]></category>
		<category domain="post_tag" nicename="reservations"><![CDATA[Reservations]]></category>
		<wp:postmeta>
			<wp:meta_key><![CDATA[_edit_last]]></wp:meta_key>
			<wp:meta_value><![CDATA[1]]></wp:meta_value>
		</wp:postmeta>
		<wp:postmeta>
			<wp:meta_key><![CDATA[_wp_old_slug]]></wp:meta_key>
			<wp:meta_value><![CDATA[five-facts-that-nobody-told-you-about-booking__trashed]]></wp:meta_value>
		</wp:postmeta>
	</item>
	<item>
		<title>Seven Awesome Things You Can Learn From Booking</title>
		<link>http://wordpress-89239-751427.cloudwaysapps.com/seven-awesome-things-you-can-learn-from-booking/</link>
		<pubDate>Thu, 18 Oct 2018 21:07:31 +0000</pubDate>
		<dc:creator><![CDATA[bitwallas@yahoo.com]]></dc:creator>
		<guid isPermaLink="false">http://wordpress-89239-751427.cloudwaysapps.com/?p=567</guid>
		<description></description>
		<content:encoded><![CDATA[Lorem ipsum dolor sit amet, consectetur adipiscing elit. Duis mollis et sem sed sollicitudin. Donec non odio neque. Aliquam hendrerit sollicitudin purus, quis rutrum mi accumsan nec. <strong>Quisque bibendum orci ac nibh facilisis</strong>, at malesuada orci congue. Nullam tempus sollicitudin cursus. Ut et adipiscing erat. Curabitur <a href="https://magzilla10.favethemes.com/wp/magzilla/demo02/introducing-a-revolutionary-method-to-master-make-up/">this is a text link</a> libero tempus congue.

Duis mattis laoreet neque, et ornare neque sollicitudin at. Proin sagittis dolor sed mi elementum pretium. Donec et justo ante. Vivamus egestas sodales est, eu rhoncus urna semper eu. Cum sociis natoque penatibus et magnis dis parturient montes, nascetur ridiculus mus. Integer tristique elit lobortis purus bibendum, quis dictum metus mattis. Phasellus posuere felis sed eros porttitor mattis. Curabitur massa magna, tempor in blandit id, porta in ligula. Aliquam laoreet nisl massa, at interdum mauris sollicitudin et.
<h2>Quisque this is a link nibh facilisis at malesuada</h2>
Nullam tempus sollicitudin cursus. Nulla elit mauris, volutpat eu varius malesuada, pulvinar eu ligula. Ut et adipiscing erat. Curabitur adipiscing erat vel libero tempus congue. Nam pharetra interdum vestibulum. Aenean gravida mi non aliquet porttitor. Praesent dapibus, nisi a faucibus tincidunt, quam dolor condimentum metus, in convallis libero ligula ut eros.

[gallery size="large" link="none" columns="4" ids="560,579,558,576"]

Proin suscipit, ex non sodales aliquam, ante mauris laoreet felis, vitae fermentum ligula nibh ut ex. Vivamus sem magna, iaculis ut pretium ac, tincidunt vel ipsum. Maecenas commodo, velit vel porta vulputate, lorem sem accumsan nunc, nec scelerisque elit turpis eget mauris. Donec dictum elit vel nunc tristique, eu lobortis ante sodales. Etiam posuere leo ut leo laoreet, a gravida dui ultricies. Morbi vehicula nulla eget elit mollis, at condimentum est feugiat.
<div class="fluid-width-video-wrapper">
<div id="gallery-1" class="gallery galleryid-637 gallery-columns-4 gallery-size-medium">
<figure class="gallery-item">
<div class="gallery-icon landscape"></div></figure>
<figure class="gallery-item">
<div class="gallery-icon landscape"></div></figure>
</div>
</div>
<blockquote>Duis mollis et sem sed sollicitudin. Donec non odio neque. Aliquam hendrerit sollicitudin purus, quis  rutrum mi accumsan nec.</blockquote>
Duis mattis laoreet neque, et ornare neque sollicitudin at. Proin sagittis dolor sed mi elementum pretium. Donec et justo ante. Vivamus egestas sodales est, eu rhoncus urna semper eu. Cum sociis natoque penatibus et magnis dis parturient montes, nascetur ridiculus mus. Integer tristique elit lobortis purus bibendum, quis dictum metus mattis.
<h3>Phasellus posuere felis sed eros porttitor mattis</h3>
Curabitur massa magna, tempor in blandit id, porta in ligula. Aliquam laoreet nisl massa, at interdum mauris sollicitudin et. Mauris risus lectus, tristique at nisl at, pharetra tristique enim.

Nullam this is a link nibh facilisis, at malesuada orci congue. Nullam tempus sollicitudin cursus. Nulla elit mauris, volutpat eu varius malesuada, pulvinar eu ligula. Ut et adipiscing erat. Curabitur adipiscing erat vel libero tempus congue. Nam pharetra interdum vestibulum. Aenean gravida mi non aliquet porttitor. Praesent dapibus, nisi a faucibus tincidunt, quam dolor condimentum metus, in convallis libero ligula ut eros.
<ul>
 	<li>Lorem ipsum dolor sit amet, consectetuer adipiscing elit.</li>
 	<li>Aliquam tincidunt mauris eu risus.
<ol>
 	<li>Lorem ipsum dolor sit amet, consectetuer adipiscing elit.</li>
 	<li>Aliquam tincidunt mauris eu risus.</li>
 	<li>Vestibulum auctor dapibus neque.</li>
</ol>
</li>
 	<li>Vestibulum auctor dapibus neque.</li>
</ul>
Ut non gravida arcu. Vivamus non congue leo. Aliquam dapibus laoreet purus, vitae iaculis eros egestas ac. Mauris massa est, lobortis a viverra eget, elementum sit amet ligula. Maecenas venenatis eros quis porta laoreet.
<h4>Sed ultrices placerat metus. Vivamus posuere leo nunc, eget mollis odio posuere nec.</h4>
<img class="size-large wp-image-562 aligncenter" src="http://wordpress-89239-751427.cloudwaysapps.com/wp-content/uploads/2018/10/blog-01-1024x576.jpg" alt="" width="1024" height="576" />

&nbsp;

Vivamus varius vitae dolor ac hendrerit. Vestibulum nec dolor ac nunc blandit aliquam. Nam at metus non ligula egestas varius ac sed mauris. Fusce at mi metus. Nam elementum dui id nulla bibendum elementum.
<ol>
 	<li>Lorem ipsum dolor sit amet, consectetuer adipiscing elit.</li>
 	<li>Aliquam tincidunt mauris eu risus.
<ol>
 	<li>Lorem ipsum dolor sit amet, consectetuer adipiscing elit.</li>
 	<li>Aliquam tincidunt mauris eu risus.</li>
 	<li>Vestibulum auctor dapibus neque.</li>
</ol>
</li>
 	<li>Vestibulum auctor dapibus neque.</li>
</ol>
Proin sagittis dolor sed mi elementum pretium. Donec et justo ante. Vivamus egestas sodales est, eu rhoncus urna semper eu. Cum sociis natoque penatibus et magnis dis parturient montes, nascetur ridiculus mus. Integer tristique elit lobortis purus bibendum, quis dictum metus mattis. Phasellus posuere felis sed eros porttitor mattis. Curabitur massa magna, tempor in blandit id, porta in ligula. Aliquam laoreet nisl massa, at interdum mauris sollicitudin et.]]></content:encoded>
		<excerpt:encoded><![CDATA[]]></excerpt:encoded>
		<wp:post_id>567</wp:post_id>
		<wp:post_date><![CDATA[2018-10-18 21:07:31]]></wp:post_date>
		<wp:post_date_gmt><![CDATA[2018-10-18 21:07:31]]></wp:post_date_gmt>
		<wp:comment_status><![CDATA[open]]></wp:comment_status>
		<wp:ping_status><![CDATA[open]]></wp:ping_status>
		<wp:post_name><![CDATA[seven-awesome-things-you-can-learn-from-booking]]></wp:post_name>
		<wp:status><![CDATA[publish]]></wp:status>
		<wp:post_parent>0</wp:post_parent>
		<wp:menu_order>0</wp:menu_order>
		<wp:post_type><![CDATA[post]]></wp:post_type>
		<wp:post_password><![CDATA[]]></wp:post_password>
		<wp:is_sticky>0</wp:is_sticky>
		<category domain="category" nicename="accomodations"><![CDATA[Accomodations]]></category>
		<category domain="post_tag" nicename="accomodations"><![CDATA[Accomodations]]></category>
		<category domain="post_tag" nicename="booking"><![CDATA[Booking]]></category>
		<category domain="post_tag" nicename="holidays"><![CDATA[Holidays]]></category>
		<category domain="post_tag" nicename="rentals"><![CDATA[Rentals]]></category>
		<category domain="post_tag" nicename="reservations"><![CDATA[Reservations]]></category>
		<wp:postmeta>
			<wp:meta_key><![CDATA[_edit_last]]></wp:meta_key>
			<wp:meta_value><![CDATA[1]]></wp:meta_value>
		</wp:postmeta>
	</item>
	<item>
		<title>Five Things To Avoid In Booking</title>
		<link>http://wordpress-89239-751427.cloudwaysapps.com/five-things-to-avoid-in-booking/</link>
		<pubDate>Thu, 18 Oct 2018 21:08:33 +0000</pubDate>
		<dc:creator><![CDATA[bitwallas@yahoo.com]]></dc:creator>
		<guid isPermaLink="false">http://wordpress-89239-751427.cloudwaysapps.com/?p=572</guid>
		<description></description>
		<content:encoded><![CDATA[Lorem ipsum dolor sit amet, consectetur adipiscing elit. Duis mollis et sem sed sollicitudin. Donec non odio neque. Aliquam hendrerit sollicitudin purus, quis rutrum mi accumsan nec. <strong>Quisque bibendum orci ac nibh facilisis</strong>, at malesuada orci congue. Nullam tempus sollicitudin cursus. Ut et adipiscing erat. Curabitur <a href="https://magzilla10.favethemes.com/wp/magzilla/demo02/introducing-a-revolutionary-method-to-master-make-up/">this is a text link</a> libero tempus congue.

Duis mattis laoreet neque, et ornare neque sollicitudin at. Proin sagittis dolor sed mi elementum pretium. Donec et justo ante. Vivamus egestas sodales est, eu rhoncus urna semper eu. Cum sociis natoque penatibus et magnis dis parturient montes, nascetur ridiculus mus. Integer tristique elit lobortis purus bibendum, quis dictum metus mattis. Phasellus posuere felis sed eros porttitor mattis. Curabitur massa magna, tempor in blandit id, porta in ligula. Aliquam laoreet nisl massa, at interdum mauris sollicitudin et.
<h2>Quisque this is a link nibh facilisis at malesuada</h2>
Nullam tempus sollicitudin cursus. Nulla elit mauris, volutpat eu varius malesuada, pulvinar eu ligula. Ut et adipiscing erat. Curabitur adipiscing erat vel libero tempus congue. Nam pharetra interdum vestibulum. Aenean gravida mi non aliquet porttitor. Praesent dapibus, nisi a faucibus tincidunt, quam dolor condimentum metus, in convallis libero ligula ut eros.

[gallery size="large" link="none" columns="4" ids="560,579,558,576"]

Proin suscipit, ex non sodales aliquam, ante mauris laoreet felis, vitae fermentum ligula nibh ut ex. Vivamus sem magna, iaculis ut pretium ac, tincidunt vel ipsum. Maecenas commodo, velit vel porta vulputate, lorem sem accumsan nunc, nec scelerisque elit turpis eget mauris. Donec dictum elit vel nunc tristique, eu lobortis ante sodales. Etiam posuere leo ut leo laoreet, a gravida dui ultricies. Morbi vehicula nulla eget elit mollis, at condimentum est feugiat.
<div class="fluid-width-video-wrapper">
<div id="gallery-1" class="gallery galleryid-637 gallery-columns-4 gallery-size-medium">
<figure class="gallery-item">
<div class="gallery-icon landscape"></div></figure>
<figure class="gallery-item">
<div class="gallery-icon landscape"></div></figure>
</div>
</div>
<blockquote>Duis mollis et sem sed sollicitudin. Donec non odio neque. Aliquam hendrerit sollicitudin purus, quis  rutrum mi accumsan nec.</blockquote>
Duis mattis laoreet neque, et ornare neque sollicitudin at. Proin sagittis dolor sed mi elementum pretium. Donec et justo ante. Vivamus egestas sodales est, eu rhoncus urna semper eu. Cum sociis natoque penatibus et magnis dis parturient montes, nascetur ridiculus mus. Integer tristique elit lobortis purus bibendum, quis dictum metus mattis.
<h3>Phasellus posuere felis sed eros porttitor mattis</h3>
Curabitur massa magna, tempor in blandit id, porta in ligula. Aliquam laoreet nisl massa, at interdum mauris sollicitudin et. Mauris risus lectus, tristique at nisl at, pharetra tristique enim.

Nullam this is a link nibh facilisis, at malesuada orci congue. Nullam tempus sollicitudin cursus. Nulla elit mauris, volutpat eu varius malesuada, pulvinar eu ligula. Ut et adipiscing erat. Curabitur adipiscing erat vel libero tempus congue. Nam pharetra interdum vestibulum. Aenean gravida mi non aliquet porttitor. Praesent dapibus, nisi a faucibus tincidunt, quam dolor condimentum metus, in convallis libero ligula ut eros.
<ul>
 	<li>Lorem ipsum dolor sit amet, consectetuer adipiscing elit.</li>
 	<li>Aliquam tincidunt mauris eu risus.
<ol>
 	<li>Lorem ipsum dolor sit amet, consectetuer adipiscing elit.</li>
 	<li>Aliquam tincidunt mauris eu risus.</li>
 	<li>Vestibulum auctor dapibus neque.</li>
</ol>
</li>
 	<li>Vestibulum auctor dapibus neque.</li>
</ul>
Ut non gravida arcu. Vivamus non congue leo. Aliquam dapibus laoreet purus, vitae iaculis eros egestas ac. Mauris massa est, lobortis a viverra eget, elementum sit amet ligula. Maecenas venenatis eros quis porta laoreet.
<h4>Sed ultrices placerat metus. Vivamus posuere leo nunc, eget mollis odio posuere nec.</h4>
<img class="size-large wp-image-562 aligncenter" src="http://wordpress-89239-751427.cloudwaysapps.com/wp-content/uploads/2018/10/blog-01-1024x576.jpg" alt="" width="1024" height="576" />

&nbsp;

Vivamus varius vitae dolor ac hendrerit. Vestibulum nec dolor ac nunc blandit aliquam. Nam at metus non ligula egestas varius ac sed mauris. Fusce at mi metus. Nam elementum dui id nulla bibendum elementum.
<ol>
 	<li>Lorem ipsum dolor sit amet, consectetuer adipiscing elit.</li>
 	<li>Aliquam tincidunt mauris eu risus.
<ol>
 	<li>Lorem ipsum dolor sit amet, consectetuer adipiscing elit.</li>
 	<li>Aliquam tincidunt mauris eu risus.</li>
 	<li>Vestibulum auctor dapibus neque.</li>
</ol>
</li>
 	<li>Vestibulum auctor dapibus neque.</li>
</ol>
Proin sagittis dolor sed mi elementum pretium. Donec et justo ante. Vivamus egestas sodales est, eu rhoncus urna semper eu. Cum sociis natoque penatibus et magnis dis parturient montes, nascetur ridiculus mus. Integer tristique elit lobortis purus bibendum, quis dictum metus mattis. Phasellus posuere felis sed eros porttitor mattis. Curabitur massa magna, tempor in blandit id, porta in ligula. Aliquam laoreet nisl massa, at interdum mauris sollicitudin et.]]></content:encoded>
		<excerpt:encoded><![CDATA[]]></excerpt:encoded>
		<wp:post_id>572</wp:post_id>
		<wp:post_date><![CDATA[2018-10-18 21:08:33]]></wp:post_date>
		<wp:post_date_gmt><![CDATA[2018-10-18 21:08:33]]></wp:post_date_gmt>
		<wp:comment_status><![CDATA[open]]></wp:comment_status>
		<wp:ping_status><![CDATA[open]]></wp:ping_status>
		<wp:post_name><![CDATA[five-things-to-avoid-in-booking]]></wp:post_name>
		<wp:status><![CDATA[publish]]></wp:status>
		<wp:post_parent>0</wp:post_parent>
		<wp:menu_order>0</wp:menu_order>
		<wp:post_type><![CDATA[post]]></wp:post_type>
		<wp:post_password><![CDATA[]]></wp:post_password>
		<wp:is_sticky>0</wp:is_sticky>
		<category domain="post_tag" nicename="accomodations"><![CDATA[Accomodations]]></category>
		<category domain="category" nicename="booking"><![CDATA[Booking]]></category>
		<category domain="post_tag" nicename="booking"><![CDATA[Booking]]></category>
		<category domain="post_tag" nicename="holidays"><![CDATA[Holidays]]></category>
		<category domain="post_tag" nicename="rentals"><![CDATA[Rentals]]></category>
		<category domain="post_tag" nicename="reservations"><![CDATA[Reservations]]></category>
		<wp:postmeta>
			<wp:meta_key><![CDATA[_edit_last]]></wp:meta_key>
			<wp:meta_value><![CDATA[1]]></wp:meta_value>
		</wp:postmeta>
	</item>
	<item>
		<title>15 Things You Need To Know About Holiday Today</title>
		<link>http://wordpress-89239-751427.cloudwaysapps.com/15-things-you-need-to-know-about-holiday-today/</link>
		<pubDate>Thu, 18 Oct 2018 21:09:35 +0000</pubDate>
		<dc:creator><![CDATA[bitwallas@yahoo.com]]></dc:creator>
		<guid isPermaLink="false">http://wordpress-89239-751427.cloudwaysapps.com/?p=575</guid>
		<description></description>
		<content:encoded><![CDATA[Lorem ipsum dolor sit amet, consectetur adipiscing elit. Duis mollis et sem sed sollicitudin. Donec non odio neque. Aliquam hendrerit sollicitudin purus, quis rutrum mi accumsan nec. <strong>Quisque bibendum orci ac nibh facilisis</strong>, at malesuada orci congue. Nullam tempus sollicitudin cursus. Ut et adipiscing erat. Curabitur <a href="https://magzilla10.favethemes.com/wp/magzilla/demo02/introducing-a-revolutionary-method-to-master-make-up/">this is a text link</a> libero tempus congue.

Duis mattis laoreet neque, et ornare neque sollicitudin at. Proin sagittis dolor sed mi elementum pretium. Donec et justo ante. Vivamus egestas sodales est, eu rhoncus urna semper eu. Cum sociis natoque penatibus et magnis dis parturient montes, nascetur ridiculus mus. Integer tristique elit lobortis purus bibendum, quis dictum metus mattis. Phasellus posuere felis sed eros porttitor mattis. Curabitur massa magna, tempor in blandit id, porta in ligula. Aliquam laoreet nisl massa, at interdum mauris sollicitudin et.
<h2>Quisque this is a link nibh facilisis at malesuada</h2>
Nullam tempus sollicitudin cursus. Nulla elit mauris, volutpat eu varius malesuada, pulvinar eu ligula. Ut et adipiscing erat. Curabitur adipiscing erat vel libero tempus congue. Nam pharetra interdum vestibulum. Aenean gravida mi non aliquet porttitor. Praesent dapibus, nisi a faucibus tincidunt, quam dolor condimentum metus, in convallis libero ligula ut eros.

[gallery size="large" link="none" columns="4" ids="560,579,558,576"]

Proin suscipit, ex non sodales aliquam, ante mauris laoreet felis, vitae fermentum ligula nibh ut ex. Vivamus sem magna, iaculis ut pretium ac, tincidunt vel ipsum. Maecenas commodo, velit vel porta vulputate, lorem sem accumsan nunc, nec scelerisque elit turpis eget mauris. Donec dictum elit vel nunc tristique, eu lobortis ante sodales. Etiam posuere leo ut leo laoreet, a gravida dui ultricies. Morbi vehicula nulla eget elit mollis, at condimentum est feugiat.
<div class="fluid-width-video-wrapper">
<div id="gallery-1" class="gallery galleryid-637 gallery-columns-4 gallery-size-medium">
<figure class="gallery-item">
<div class="gallery-icon landscape"></div></figure>
<figure class="gallery-item">
<div class="gallery-icon landscape"></div></figure>
</div>
</div>
<blockquote>Duis mollis et sem sed sollicitudin. Donec non odio neque. Aliquam hendrerit sollicitudin purus, quis  rutrum mi accumsan nec.</blockquote>
Duis mattis laoreet neque, et ornare neque sollicitudin at. Proin sagittis dolor sed mi elementum pretium. Donec et justo ante. Vivamus egestas sodales est, eu rhoncus urna semper eu. Cum sociis natoque penatibus et magnis dis parturient montes, nascetur ridiculus mus. Integer tristique elit lobortis purus bibendum, quis dictum metus mattis.
<h3>Phasellus posuere felis sed eros porttitor mattis</h3>
Curabitur massa magna, tempor in blandit id, porta in ligula. Aliquam laoreet nisl massa, at interdum mauris sollicitudin et. Mauris risus lectus, tristique at nisl at, pharetra tristique enim.

Nullam this is a link nibh facilisis, at malesuada orci congue. Nullam tempus sollicitudin cursus. Nulla elit mauris, volutpat eu varius malesuada, pulvinar eu ligula. Ut et adipiscing erat. Curabitur adipiscing erat vel libero tempus congue. Nam pharetra interdum vestibulum. Aenean gravida mi non aliquet porttitor. Praesent dapibus, nisi a faucibus tincidunt, quam dolor condimentum metus, in convallis libero ligula ut eros.
<ul>
 	<li>Lorem ipsum dolor sit amet, consectetuer adipiscing elit.</li>
 	<li>Aliquam tincidunt mauris eu risus.
<ol>
 	<li>Lorem ipsum dolor sit amet, consectetuer adipiscing elit.</li>
 	<li>Aliquam tincidunt mauris eu risus.</li>
 	<li>Vestibulum auctor dapibus neque.</li>
</ol>
</li>
 	<li>Vestibulum auctor dapibus neque.</li>
</ul>
Ut non gravida arcu. Vivamus non congue leo. Aliquam dapibus laoreet purus, vitae iaculis eros egestas ac. Mauris massa est, lobortis a viverra eget, elementum sit amet ligula. Maecenas venenatis eros quis porta laoreet.
<h4>Sed ultrices placerat metus. Vivamus posuere leo nunc, eget mollis odio posuere nec.</h4>
<img class="size-large wp-image-562 aligncenter" src="http://wordpress-89239-751427.cloudwaysapps.com/wp-content/uploads/2018/10/blog-01-1024x576.jpg" alt="" width="1024" height="576" />

&nbsp;

Vivamus varius vitae dolor ac hendrerit. Vestibulum nec dolor ac nunc blandit aliquam. Nam at metus non ligula egestas varius ac sed mauris. Fusce at mi metus. Nam elementum dui id nulla bibendum elementum.
<ol>
 	<li>Lorem ipsum dolor sit amet, consectetuer adipiscing elit.</li>
 	<li>Aliquam tincidunt mauris eu risus.
<ol>
 	<li>Lorem ipsum dolor sit amet, consectetuer adipiscing elit.</li>
 	<li>Aliquam tincidunt mauris eu risus.</li>
 	<li>Vestibulum auctor dapibus neque.</li>
</ol>
</li>
 	<li>Vestibulum auctor dapibus neque.</li>
</ol>
Proin sagittis dolor sed mi elementum pretium. Donec et justo ante. Vivamus egestas sodales est, eu rhoncus urna semper eu. Cum sociis natoque penatibus et magnis dis parturient montes, nascetur ridiculus mus. Integer tristique elit lobortis purus bibendum, quis dictum metus mattis. Phasellus posuere felis sed eros porttitor mattis. Curabitur massa magna, tempor in blandit id, porta in ligula. Aliquam laoreet nisl massa, at interdum mauris sollicitudin et.]]></content:encoded>
		<excerpt:encoded><![CDATA[]]></excerpt:encoded>
		<wp:post_id>575</wp:post_id>
		<wp:post_date><![CDATA[2018-10-18 21:09:35]]></wp:post_date>
		<wp:post_date_gmt><![CDATA[2018-10-18 21:09:35]]></wp:post_date_gmt>
		<wp:comment_status><![CDATA[open]]></wp:comment_status>
		<wp:ping_status><![CDATA[open]]></wp:ping_status>
		<wp:post_name><![CDATA[15-things-you-need-to-know-about-holiday-today]]></wp:post_name>
		<wp:status><![CDATA[publish]]></wp:status>
		<wp:post_parent>0</wp:post_parent>
		<wp:menu_order>0</wp:menu_order>
		<wp:post_type><![CDATA[post]]></wp:post_type>
		<wp:post_password><![CDATA[]]></wp:post_password>
		<wp:is_sticky>0</wp:is_sticky>
		<category domain="post_tag" nicename="accomodations"><![CDATA[Accomodations]]></category>
		<category domain="post_tag" nicename="booking"><![CDATA[Booking]]></category>
		<category domain="category" nicename="holiday"><![CDATA[Holiday]]></category>
		<category domain="post_tag" nicename="holidays"><![CDATA[Holidays]]></category>
		<category domain="post_tag" nicename="rentals"><![CDATA[Rentals]]></category>
		<category domain="post_tag" nicename="reservations"><![CDATA[Reservations]]></category>
		<wp:postmeta>
			<wp:meta_key><![CDATA[_edit_last]]></wp:meta_key>
			<wp:meta_value><![CDATA[1]]></wp:meta_value>
		</wp:postmeta>
	</item>
	<item>
		<title>Ten Unexpected Ways Holiday Can Make Your Life Better</title>
		<link>http://wordpress-89239-751427.cloudwaysapps.com/ten-unexpected-ways-holiday-can-make-your-life-better/</link>
		<pubDate>Thu, 18 Oct 2018 21:10:50 +0000</pubDate>
		<dc:creator><![CDATA[bitwallas@yahoo.com]]></dc:creator>
		<guid isPermaLink="false">http://wordpress-89239-751427.cloudwaysapps.com/?p=578</guid>
		<description></description>
		<content:encoded><![CDATA[Lorem ipsum dolor sit amet, consectetur adipiscing elit. Duis mollis et sem sed sollicitudin. Donec non odio neque. Aliquam hendrerit sollicitudin purus, quis rutrum mi accumsan nec. <strong>Quisque bibendum orci ac nibh facilisis</strong>, at malesuada orci congue. Nullam tempus sollicitudin cursus. Ut et adipiscing erat. Curabitur <a href="https://magzilla10.favethemes.com/wp/magzilla/demo02/introducing-a-revolutionary-method-to-master-make-up/">this is a text link</a> libero tempus congue.

Duis mattis laoreet neque, et ornare neque sollicitudin at. Proin sagittis dolor sed mi elementum pretium. Donec et justo ante. Vivamus egestas sodales est, eu rhoncus urna semper eu. Cum sociis natoque penatibus et magnis dis parturient montes, nascetur ridiculus mus. Integer tristique elit lobortis purus bibendum, quis dictum metus mattis. Phasellus posuere felis sed eros porttitor mattis. Curabitur massa magna, tempor in blandit id, porta in ligula. Aliquam laoreet nisl massa, at interdum mauris sollicitudin et.
<h2>Quisque this is a link nibh facilisis at malesuada</h2>
Nullam tempus sollicitudin cursus. Nulla elit mauris, volutpat eu varius malesuada, pulvinar eu ligula. Ut et adipiscing erat. Curabitur adipiscing erat vel libero tempus congue. Nam pharetra interdum vestibulum. Aenean gravida mi non aliquet porttitor. Praesent dapibus, nisi a faucibus tincidunt, quam dolor condimentum metus, in convallis libero ligula ut eros.

[gallery size="large" link="none" columns="4" ids="560,579,558,576"]

Proin suscipit, ex non sodales aliquam, ante mauris laoreet felis, vitae fermentum ligula nibh ut ex. Vivamus sem magna, iaculis ut pretium ac, tincidunt vel ipsum. Maecenas commodo, velit vel porta vulputate, lorem sem accumsan nunc, nec scelerisque elit turpis eget mauris. Donec dictum elit vel nunc tristique, eu lobortis ante sodales. Etiam posuere leo ut leo laoreet, a gravida dui ultricies. Morbi vehicula nulla eget elit mollis, at condimentum est feugiat.
<div class="fluid-width-video-wrapper">
<div id="gallery-1" class="gallery galleryid-637 gallery-columns-4 gallery-size-medium">
<figure class="gallery-item">
<div class="gallery-icon landscape"></div></figure>
<figure class="gallery-item">
<div class="gallery-icon landscape"></div></figure>
</div>
</div>
<blockquote>Duis mollis et sem sed sollicitudin. Donec non odio neque. Aliquam hendrerit sollicitudin purus, quis  rutrum mi accumsan nec.</blockquote>
Duis mattis laoreet neque, et ornare neque sollicitudin at. Proin sagittis dolor sed mi elementum pretium. Donec et justo ante. Vivamus egestas sodales est, eu rhoncus urna semper eu. Cum sociis natoque penatibus et magnis dis parturient montes, nascetur ridiculus mus. Integer tristique elit lobortis purus bibendum, quis dictum metus mattis.
<h3>Phasellus posuere felis sed eros porttitor mattis</h3>
Curabitur massa magna, tempor in blandit id, porta in ligula. Aliquam laoreet nisl massa, at interdum mauris sollicitudin et. Mauris risus lectus, tristique at nisl at, pharetra tristique enim.

Nullam this is a link nibh facilisis, at malesuada orci congue. Nullam tempus sollicitudin cursus. Nulla elit mauris, volutpat eu varius malesuada, pulvinar eu ligula. Ut et adipiscing erat. Curabitur adipiscing erat vel libero tempus congue. Nam pharetra interdum vestibulum. Aenean gravida mi non aliquet porttitor. Praesent dapibus, nisi a faucibus tincidunt, quam dolor condimentum metus, in convallis libero ligula ut eros.
<ul>
 	<li>Lorem ipsum dolor sit amet, consectetuer adipiscing elit.</li>
 	<li>Aliquam tincidunt mauris eu risus.
<ol>
 	<li>Lorem ipsum dolor sit amet, consectetuer adipiscing elit.</li>
 	<li>Aliquam tincidunt mauris eu risus.</li>
 	<li>Vestibulum auctor dapibus neque.</li>
</ol>
</li>
 	<li>Vestibulum auctor dapibus neque.</li>
</ul>
Ut non gravida arcu. Vivamus non congue leo. Aliquam dapibus laoreet purus, vitae iaculis eros egestas ac. Mauris massa est, lobortis a viverra eget, elementum sit amet ligula. Maecenas venenatis eros quis porta laoreet.
<h4>Sed ultrices placerat metus. Vivamus posuere leo nunc, eget mollis odio posuere nec.</h4>
<img class="size-large wp-image-562 aligncenter" src="http://wordpress-89239-751427.cloudwaysapps.com/wp-content/uploads/2018/10/blog-01-1024x576.jpg" alt="" width="1024" height="576" />

&nbsp;

Vivamus varius vitae dolor ac hendrerit. Vestibulum nec dolor ac nunc blandit aliquam. Nam at metus non ligula egestas varius ac sed mauris. Fusce at mi metus. Nam elementum dui id nulla bibendum elementum.
<ol>
 	<li>Lorem ipsum dolor sit amet, consectetuer adipiscing elit.</li>
 	<li>Aliquam tincidunt mauris eu risus.
<ol>
 	<li>Lorem ipsum dolor sit amet, consectetuer adipiscing elit.</li>
 	<li>Aliquam tincidunt mauris eu risus.</li>
 	<li>Vestibulum auctor dapibus neque.</li>
</ol>
</li>
 	<li>Vestibulum auctor dapibus neque.</li>
</ol>
Proin sagittis dolor sed mi elementum pretium. Donec et justo ante. Vivamus egestas sodales est, eu rhoncus urna semper eu. Cum sociis natoque penatibus et magnis dis parturient montes, nascetur ridiculus mus. Integer tristique elit lobortis purus bibendum, quis dictum metus mattis. Phasellus posuere felis sed eros porttitor mattis. Curabitur massa magna, tempor in blandit id, porta in ligula. Aliquam laoreet nisl massa, at interdum mauris sollicitudin et.]]></content:encoded>
		<excerpt:encoded><![CDATA[]]></excerpt:encoded>
		<wp:post_id>578</wp:post_id>
		<wp:post_date><![CDATA[2018-10-18 21:10:50]]></wp:post_date>
		<wp:post_date_gmt><![CDATA[2018-10-18 21:10:50]]></wp:post_date_gmt>
		<wp:comment_status><![CDATA[open]]></wp:comment_status>
		<wp:ping_status><![CDATA[open]]></wp:ping_status>
		<wp:post_name><![CDATA[ten-unexpected-ways-holiday-can-make-your-life-better]]></wp:post_name>
		<wp:status><![CDATA[publish]]></wp:status>
		<wp:post_parent>0</wp:post_parent>
		<wp:menu_order>0</wp:menu_order>
		<wp:post_type><![CDATA[post]]></wp:post_type>
		<wp:post_password><![CDATA[]]></wp:post_password>
		<wp:is_sticky>0</wp:is_sticky>
		<category domain="post_tag" nicename="accomodations"><![CDATA[Accomodations]]></category>
		<category domain="post_tag" nicename="booking"><![CDATA[Booking]]></category>
		<category domain="post_tag" nicename="holidays"><![CDATA[Holidays]]></category>
		<category domain="post_tag" nicename="rentals"><![CDATA[Rentals]]></category>
		<category domain="category" nicename="reservations"><![CDATA[Reservations]]></category>
		<category domain="post_tag" nicename="reservations"><![CDATA[Reservations]]></category>
		<wp:postmeta>
			<wp:meta_key><![CDATA[_edit_last]]></wp:meta_key>
			<wp:meta_value><![CDATA[1]]></wp:meta_value>
		</wp:postmeta>
		<wp:comment>
			<wp:comment_id>12</wp:comment_id>
			<wp:comment_author><![CDATA[Donna Wade]]></wp:comment_author>
			<wp:comment_author_email><![CDATA[HomeyHost03@email.com]]></wp:comment_author_email>
			<wp:comment_author_url></wp:comment_author_url>
			<wp:comment_author_IP><![CDATA[127.0.0.1]]></wp:comment_author_IP>
			<wp:comment_date><![CDATA[2018-10-22 16:07:27]]></wp:comment_date>
			<wp:comment_date_gmt><![CDATA[2018-10-22 16:07:27]]></wp:comment_date_gmt>
			<wp:comment_content><![CDATA[Lorem ipsum dolor sit amet, consectetur adipiscing elit. Suspendisse vitae sapien vitae massa eleifend ullamcorper. Nam elit orci, sagittis vitae dictum sit amet, pellentesque elementum arcu. Ut eleifend sem ornare, blandit dui pretium, fringilla ex. Fusce luctus hendrerit turpis. Cras rhoncus non tellus sed sodales.]]></wp:comment_content>
			<wp:comment_approved><![CDATA[1]]></wp:comment_approved>
			<wp:comment_type><![CDATA[]]></wp:comment_type>
			<wp:comment_parent>0</wp:comment_parent>
			<wp:comment_user_id>6</wp:comment_user_id>
		</wp:comment>
	</item>
	<item>
		<title>5 Innovative Approaches To Improve Your Reservations</title>
		<link>http://wordpress-89239-751427.cloudwaysapps.com/5-innovative-approaches-to-improve-your-reservations/</link>
		<pubDate>Thu, 18 Oct 2018 21:12:05 +0000</pubDate>
		<dc:creator><![CDATA[bitwallas@yahoo.com]]></dc:creator>
		<guid isPermaLink="false">http://wordpress-89239-751427.cloudwaysapps.com/?p=581</guid>
		<description></description>
		<content:encoded><![CDATA[Lorem ipsum dolor sit amet, consectetur adipiscing elit. Duis mollis et sem sed sollicitudin. Donec non odio neque. Aliquam hendrerit sollicitudin purus, quis rutrum mi accumsan nec. <strong>Quisque bibendum orci ac nibh facilisis</strong>, at malesuada orci congue. Nullam tempus sollicitudin cursus. Ut et adipiscing erat. Curabitur <a href="https://magzilla10.favethemes.com/wp/magzilla/demo02/introducing-a-revolutionary-method-to-master-make-up/">this is a text link</a> libero tempus congue.

Duis mattis laoreet neque, et ornare neque sollicitudin at. Proin sagittis dolor sed mi elementum pretium. Donec et justo ante. Vivamus egestas sodales est, eu rhoncus urna semper eu. Cum sociis natoque penatibus et magnis dis parturient montes, nascetur ridiculus mus. Integer tristique elit lobortis purus bibendum, quis dictum metus mattis. Phasellus posuere felis sed eros porttitor mattis. Curabitur massa magna, tempor in blandit id, porta in ligula. Aliquam laoreet nisl massa, at interdum mauris sollicitudin et.
<h2>Quisque this is a link nibh facilisis at malesuada</h2>
Nullam tempus sollicitudin cursus. Nulla elit mauris, volutpat eu varius malesuada, pulvinar eu ligula. Ut et adipiscing erat. Curabitur adipiscing erat vel libero tempus congue. Nam pharetra interdum vestibulum. Aenean gravida mi non aliquet porttitor. Praesent dapibus, nisi a faucibus tincidunt, quam dolor condimentum metus, in convallis libero ligula ut eros.

[gallery size="large" link="none" columns="4" ids="560,579,558,576"]

Proin suscipit, ex non sodales aliquam, ante mauris laoreet felis, vitae fermentum ligula nibh ut ex. Vivamus sem magna, iaculis ut pretium ac, tincidunt vel ipsum. Maecenas commodo, velit vel porta vulputate, lorem sem accumsan nunc, nec scelerisque elit turpis eget mauris. Donec dictum elit vel nunc tristique, eu lobortis ante sodales. Etiam posuere leo ut leo laoreet, a gravida dui ultricies. Morbi vehicula nulla eget elit mollis, at condimentum est feugiat.
<div class="fluid-width-video-wrapper">
<div id="gallery-1" class="gallery galleryid-637 gallery-columns-4 gallery-size-medium">
<figure class="gallery-item">
<div class="gallery-icon landscape"></div></figure>
<figure class="gallery-item">
<div class="gallery-icon landscape"></div></figure>
</div>
</div>
<blockquote>Duis mollis et sem sed sollicitudin. Donec non odio neque. Aliquam hendrerit sollicitudin purus, quis  rutrum mi accumsan nec.</blockquote>
Duis mattis laoreet neque, et ornare neque sollicitudin at. Proin sagittis dolor sed mi elementum pretium. Donec et justo ante. Vivamus egestas sodales est, eu rhoncus urna semper eu. Cum sociis natoque penatibus et magnis dis parturient montes, nascetur ridiculus mus. Integer tristique elit lobortis purus bibendum, quis dictum metus mattis.
<h3>Phasellus posuere felis sed eros porttitor mattis</h3>
Curabitur massa magna, tempor in blandit id, porta in ligula. Aliquam laoreet nisl massa, at interdum mauris sollicitudin et. Mauris risus lectus, tristique at nisl at, pharetra tristique enim.

Nullam this is a link nibh facilisis, at malesuada orci congue. Nullam tempus sollicitudin cursus. Nulla elit mauris, volutpat eu varius malesuada, pulvinar eu ligula. Ut et adipiscing erat. Curabitur adipiscing erat vel libero tempus congue. Nam pharetra interdum vestibulum. Aenean gravida mi non aliquet porttitor. Praesent dapibus, nisi a faucibus tincidunt, quam dolor condimentum metus, in convallis libero ligula ut eros.
<ul>
 	<li>Lorem ipsum dolor sit amet, consectetuer adipiscing elit.</li>
 	<li>Aliquam tincidunt mauris eu risus.
<ol>
 	<li>Lorem ipsum dolor sit amet, consectetuer adipiscing elit.</li>
 	<li>Aliquam tincidunt mauris eu risus.</li>
 	<li>Vestibulum auctor dapibus neque.</li>
</ol>
</li>
 	<li>Vestibulum auctor dapibus neque.</li>
</ul>
Ut non gravida arcu. Vivamus non congue leo. Aliquam dapibus laoreet purus, vitae iaculis eros egestas ac. Mauris massa est, lobortis a viverra eget, elementum sit amet ligula. Maecenas venenatis eros quis porta laoreet.
<h4>Sed ultrices placerat metus. Vivamus posuere leo nunc, eget mollis odio posuere nec.</h4>
<img class="size-large wp-image-562 aligncenter" src="http://wordpress-89239-751427.cloudwaysapps.com/wp-content/uploads/2018/10/blog-01-1024x576.jpg" alt="" width="1024" height="576" />

&nbsp;

Vivamus varius vitae dolor ac hendrerit. Vestibulum nec dolor ac nunc blandit aliquam. Nam at metus non ligula egestas varius ac sed mauris. Fusce at mi metus. Nam elementum dui id nulla bibendum elementum.
<ol>
 	<li>Lorem ipsum dolor sit amet, consectetuer adipiscing elit.</li>
 	<li>Aliquam tincidunt mauris eu risus.
<ol>
 	<li>Lorem ipsum dolor sit amet, consectetuer adipiscing elit.</li>
 	<li>Aliquam tincidunt mauris eu risus.</li>
 	<li>Vestibulum auctor dapibus neque.</li>
</ol>
</li>
 	<li>Vestibulum auctor dapibus neque.</li>
</ol>
Proin sagittis dolor sed mi elementum pretium. Donec et justo ante. Vivamus egestas sodales est, eu rhoncus urna semper eu. Cum sociis natoque penatibus et magnis dis parturient montes, nascetur ridiculus mus. Integer tristique elit lobortis purus bibendum, quis dictum metus mattis. Phasellus posuere felis sed eros porttitor mattis. Curabitur massa magna, tempor in blandit id, porta in ligula. Aliquam laoreet nisl massa, at interdum mauris sollicitudin et.]]></content:encoded>
		<excerpt:encoded><![CDATA[]]></excerpt:encoded>
		<wp:post_id>581</wp:post_id>
		<wp:post_date><![CDATA[2018-10-18 21:12:05]]></wp:post_date>
		<wp:post_date_gmt><![CDATA[2018-10-18 21:12:05]]></wp:post_date_gmt>
		<wp:comment_status><![CDATA[open]]></wp:comment_status>
		<wp:ping_status><![CDATA[open]]></wp:ping_status>
		<wp:post_name><![CDATA[5-innovative-approaches-to-improve-your-reservations]]></wp:post_name>
		<wp:status><![CDATA[publish]]></wp:status>
		<wp:post_parent>0</wp:post_parent>
		<wp:menu_order>0</wp:menu_order>
		<wp:post_type><![CDATA[post]]></wp:post_type>
		<wp:post_password><![CDATA[]]></wp:post_password>
		<wp:is_sticky>0</wp:is_sticky>
		<category domain="post_tag" nicename="accomodations"><![CDATA[Accomodations]]></category>
		<category domain="post_tag" nicename="booking"><![CDATA[Booking]]></category>
		<category domain="post_tag" nicename="holidays"><![CDATA[Holidays]]></category>
		<category domain="post_tag" nicename="rentals"><![CDATA[Rentals]]></category>
		<category domain="category" nicename="reservations"><![CDATA[Reservations]]></category>
		<category domain="post_tag" nicename="reservations"><![CDATA[Reservations]]></category>
		<wp:postmeta>
			<wp:meta_key><![CDATA[_edit_last]]></wp:meta_key>
			<wp:meta_value><![CDATA[1]]></wp:meta_value>
		</wp:postmeta>
		<wp:comment>
			<wp:comment_id>8</wp:comment_id>
			<wp:comment_author><![CDATA[Kenneth James]]></wp:comment_author>
			<wp:comment_author_email><![CDATA[HomeyHost01@email.com]]></wp:comment_author_email>
			<wp:comment_author_url></wp:comment_author_url>
			<wp:comment_author_IP><![CDATA[127.0.0.1]]></wp:comment_author_IP>
			<wp:comment_date><![CDATA[2018-10-22 15:53:16]]></wp:comment_date>
			<wp:comment_date_gmt><![CDATA[2018-10-22 15:53:16]]></wp:comment_date_gmt>
			<wp:comment_content><![CDATA[Vivamus sem magna, iaculis ut pretium ac, tincidunt vel ipsum. Maecenas commodo, velit vel porta vulputate, lorem sem accumsan nunc, nec scelerisque elit turpis eget mauris. Donec dictum elit vel nunc tristique, eu lobortis ante sodales. Etiam posuere leo ut leo laoreet, a gravida dui ultricies. Morbi vehicula nulla eget elit mollis, at condimentum est feugiat.]]></wp:comment_content>
			<wp:comment_approved><![CDATA[1]]></wp:comment_approved>
			<wp:comment_type><![CDATA[]]></wp:comment_type>
			<wp:comment_parent>0</wp:comment_parent>
			<wp:comment_user_id>4</wp:comment_user_id>
		</wp:comment>
		<wp:comment>
			<wp:comment_id>11</wp:comment_id>
			<wp:comment_author><![CDATA[Donna Wade]]></wp:comment_author>
			<wp:comment_author_email><![CDATA[HomeyHost03@email.com]]></wp:comment_author_email>
			<wp:comment_author_url></wp:comment_author_url>
			<wp:comment_author_IP><![CDATA[127.0.0.1]]></wp:comment_author_IP>
			<wp:comment_date><![CDATA[2018-10-22 16:07:02]]></wp:comment_date>
			<wp:comment_date_gmt><![CDATA[2018-10-22 16:07:02]]></wp:comment_date_gmt>
			<wp:comment_content><![CDATA[Lorem ipsum dolor sit amet, consectetur adipiscing elit. Suspendisse vitae sapien vitae massa eleifend ullamcorper. Nam elit orci, sagittis vitae dictum sit amet, pellentesque elementum arcu. Ut eleifend sem ornare, blandit dui pretium, fringilla ex. Fusce luctus hendrerit turpis. Cras rhoncus non tellus sed sodales.]]></wp:comment_content>
			<wp:comment_approved><![CDATA[1]]></wp:comment_approved>
			<wp:comment_type><![CDATA[]]></wp:comment_type>
			<wp:comment_parent>0</wp:comment_parent>
			<wp:comment_user_id>6</wp:comment_user_id>
		</wp:comment>
	</item>
	<item>
		<title>What I Wish Everyone Knew About Reservations</title>
		<link>http://wordpress-89239-751427.cloudwaysapps.com/what-i-wish-everyone-knew-about-reservations/</link>
		<pubDate>Thu, 18 Oct 2018 21:13:43 +0000</pubDate>
		<dc:creator><![CDATA[bitwallas@yahoo.com]]></dc:creator>
		<guid isPermaLink="false">http://wordpress-89239-751427.cloudwaysapps.com/?p=585</guid>
		<description></description>
		<content:encoded><![CDATA[Lorem ipsum dolor sit amet, consectetur adipiscing elit. Duis mollis et sem sed sollicitudin. Donec non odio neque. Aliquam hendrerit sollicitudin purus, quis rutrum mi accumsan nec. <strong>Quisque bibendum orci ac nibh facilisis</strong>, at malesuada orci congue. Nullam tempus sollicitudin cursus. Ut et adipiscing erat. Curabitur <a href="https://magzilla10.favethemes.com/wp/magzilla/demo02/introducing-a-revolutionary-method-to-master-make-up/">this is a text link</a> libero tempus congue.

Duis mattis laoreet neque, et ornare neque sollicitudin at. Proin sagittis dolor sed mi elementum pretium. Donec et justo ante. Vivamus egestas sodales est, eu rhoncus urna semper eu. Cum sociis natoque penatibus et magnis dis parturient montes, nascetur ridiculus mus. Integer tristique elit lobortis purus bibendum, quis dictum metus mattis. Phasellus posuere felis sed eros porttitor mattis. Curabitur massa magna, tempor in blandit id, porta in ligula. Aliquam laoreet nisl massa, at interdum mauris sollicitudin et.
<h2>Quisque this is a link nibh facilisis at malesuada</h2>
Nullam tempus sollicitudin cursus. Nulla elit mauris, volutpat eu varius malesuada, pulvinar eu ligula. Ut et adipiscing erat. Curabitur adipiscing erat vel libero tempus congue. Nam pharetra interdum vestibulum. Aenean gravida mi non aliquet porttitor. Praesent dapibus, nisi a faucibus tincidunt, quam dolor condimentum metus, in convallis libero ligula ut eros.

[gallery size="large" link="none" columns="4" ids="560,579,558,576"]

Proin suscipit, ex non sodales aliquam, ante mauris laoreet felis, vitae fermentum ligula nibh ut ex. Vivamus sem magna, iaculis ut pretium ac, tincidunt vel ipsum. Maecenas commodo, velit vel porta vulputate, lorem sem accumsan nunc, nec scelerisque elit turpis eget mauris. Donec dictum elit vel nunc tristique, eu lobortis ante sodales. Etiam posuere leo ut leo laoreet, a gravida dui ultricies. Morbi vehicula nulla eget elit mollis, at condimentum est feugiat.
<div class="fluid-width-video-wrapper">
<div id="gallery-1" class="gallery galleryid-637 gallery-columns-4 gallery-size-medium">
<figure class="gallery-item">
<div class="gallery-icon landscape"></div></figure>
<figure class="gallery-item">
<div class="gallery-icon landscape"></div></figure>
</div>
</div>
<blockquote>Duis mollis et sem sed sollicitudin. Donec non odio neque. Aliquam hendrerit sollicitudin purus, quis  rutrum mi accumsan nec.</blockquote>
Duis mattis laoreet neque, et ornare neque sollicitudin at. Proin sagittis dolor sed mi elementum pretium. Donec et justo ante. Vivamus egestas sodales est, eu rhoncus urna semper eu. Cum sociis natoque penatibus et magnis dis parturient montes, nascetur ridiculus mus. Integer tristique elit lobortis purus bibendum, quis dictum metus mattis.
<h3>Phasellus posuere felis sed eros porttitor mattis</h3>
Curabitur massa magna, tempor in blandit id, porta in ligula. Aliquam laoreet nisl massa, at interdum mauris sollicitudin et. Mauris risus lectus, tristique at nisl at, pharetra tristique enim.

Nullam this is a link nibh facilisis, at malesuada orci congue. Nullam tempus sollicitudin cursus. Nulla elit mauris, volutpat eu varius malesuada, pulvinar eu ligula. Ut et adipiscing erat. Curabitur adipiscing erat vel libero tempus congue. Nam pharetra interdum vestibulum. Aenean gravida mi non aliquet porttitor. Praesent dapibus, nisi a faucibus tincidunt, quam dolor condimentum metus, in convallis libero ligula ut eros.
<ul>
 	<li>Lorem ipsum dolor sit amet, consectetuer adipiscing elit.</li>
 	<li>Aliquam tincidunt mauris eu risus.
<ol>
 	<li>Lorem ipsum dolor sit amet, consectetuer adipiscing elit.</li>
 	<li>Aliquam tincidunt mauris eu risus.</li>
 	<li>Vestibulum auctor dapibus neque.</li>
</ol>
</li>
 	<li>Vestibulum auctor dapibus neque.</li>
</ul>
Ut non gravida arcu. Vivamus non congue leo. Aliquam dapibus laoreet purus, vitae iaculis eros egestas ac. Mauris massa est, lobortis a viverra eget, elementum sit amet ligula. Maecenas venenatis eros quis porta laoreet.
<h4>Sed ultrices placerat metus. Vivamus posuere leo nunc, eget mollis odio posuere nec.</h4>
<img class="size-large wp-image-562 aligncenter" src="http://wordpress-89239-751427.cloudwaysapps.com/wp-content/uploads/2018/10/blog-01-1024x576.jpg" alt="" width="1024" height="576" />

&nbsp;

Vivamus varius vitae dolor ac hendrerit. Vestibulum nec dolor ac nunc blandit aliquam. Nam at metus non ligula egestas varius ac sed mauris. Fusce at mi metus. Nam elementum dui id nulla bibendum elementum.
<ol>
 	<li>Lorem ipsum dolor sit amet, consectetuer adipiscing elit.</li>
 	<li>Aliquam tincidunt mauris eu risus.
<ol>
 	<li>Lorem ipsum dolor sit amet, consectetuer adipiscing elit.</li>
 	<li>Aliquam tincidunt mauris eu risus.</li>
 	<li>Vestibulum auctor dapibus neque.</li>
</ol>
</li>
 	<li>Vestibulum auctor dapibus neque.</li>
</ol>
Proin sagittis dolor sed mi elementum pretium. Donec et justo ante. Vivamus egestas sodales est, eu rhoncus urna semper eu. Cum sociis natoque penatibus et magnis dis parturient montes, nascetur ridiculus mus. Integer tristique elit lobortis purus bibendum, quis dictum metus mattis. Phasellus posuere felis sed eros porttitor mattis. Curabitur massa magna, tempor in blandit id, porta in ligula. Aliquam laoreet nisl massa, at interdum mauris sollicitudin et.]]></content:encoded>
		<excerpt:encoded><![CDATA[]]></excerpt:encoded>
		<wp:post_id>585</wp:post_id>
		<wp:post_date><![CDATA[2018-10-18 21:13:43]]></wp:post_date>
		<wp:post_date_gmt><![CDATA[2018-10-18 21:13:43]]></wp:post_date_gmt>
		<wp:comment_status><![CDATA[open]]></wp:comment_status>
		<wp:ping_status><![CDATA[open]]></wp:ping_status>
		<wp:post_name><![CDATA[what-i-wish-everyone-knew-about-reservations]]></wp:post_name>
		<wp:status><![CDATA[publish]]></wp:status>
		<wp:post_parent>0</wp:post_parent>
		<wp:menu_order>0</wp:menu_order>
		<wp:post_type><![CDATA[post]]></wp:post_type>
		<wp:post_password><![CDATA[]]></wp:post_password>
		<wp:is_sticky>0</wp:is_sticky>
		<category domain="post_tag" nicename="accomodations"><![CDATA[Accomodations]]></category>
		<category domain="post_tag" nicename="booking"><![CDATA[Booking]]></category>
		<category domain="post_tag" nicename="holidays"><![CDATA[Holidays]]></category>
		<category domain="post_tag" nicename="rentals"><![CDATA[Rentals]]></category>
		<category domain="category" nicename="reservations"><![CDATA[Reservations]]></category>
		<category domain="post_tag" nicename="reservations"><![CDATA[Reservations]]></category>
		<wp:postmeta>
			<wp:meta_key><![CDATA[_edit_last]]></wp:meta_key>
			<wp:meta_value><![CDATA[1]]></wp:meta_value>
		</wp:postmeta>
		<wp:comment>
			<wp:comment_id>7</wp:comment_id>
			<wp:comment_author><![CDATA[Kenneth James]]></wp:comment_author>
			<wp:comment_author_email><![CDATA[HomeyHost01@email.com]]></wp:comment_author_email>
			<wp:comment_author_url></wp:comment_author_url>
			<wp:comment_author_IP><![CDATA[127.0.0.1]]></wp:comment_author_IP>
			<wp:comment_date><![CDATA[2018-10-22 15:53:01]]></wp:comment_date>
			<wp:comment_date_gmt><![CDATA[2018-10-22 15:53:01]]></wp:comment_date_gmt>
			<wp:comment_content><![CDATA[Nullam this is a link nibh facilisis, at malesuada orci congue. Nullam tempus sollicitudin cursus. Nulla elit mauris, volutpat eu varius malesuada, pulvinar eu ligula. Ut et adipiscing erat. Curabitur adipiscing erat vel libero tempus congue. Nam pharetra interdum vestibulum. Aenean gravida mi non aliquet porttitor. Praesent dapibus, nisi a faucibus tincidunt, quam dolor condimentum metus, in convallis libero ligula ut eros.]]></wp:comment_content>
			<wp:comment_approved><![CDATA[1]]></wp:comment_approved>
			<wp:comment_type><![CDATA[]]></wp:comment_type>
			<wp:comment_parent>0</wp:comment_parent>
			<wp:comment_user_id>4</wp:comment_user_id>
		</wp:comment>
		<wp:comment>
			<wp:comment_id>9</wp:comment_id>
			<wp:comment_author><![CDATA[Donna Wade]]></wp:comment_author>
			<wp:comment_author_email><![CDATA[HomeyHost03@email.com]]></wp:comment_author_email>
			<wp:comment_author_url></wp:comment_author_url>
			<wp:comment_author_IP><![CDATA[127.0.0.1]]></wp:comment_author_IP>
			<wp:comment_date><![CDATA[2018-10-22 16:00:11]]></wp:comment_date>
			<wp:comment_date_gmt><![CDATA[2018-10-22 16:00:11]]></wp:comment_date_gmt>
			<wp:comment_content><![CDATA[Duis mattis laoreet neque, et ornare neque sollicitudin at. Proin sagittis dolor sed mi elementum pretium. Donec et justo ante. Vivamus egestas sodales est, eu rhoncus urna semper eu. Cum sociis natoque penatibus et magnis dis parturient montes, nascetur ridiculus mus. Integer tristique elit lobortis purus bibendum, quis dictum metus mattis.]]></wp:comment_content>
			<wp:comment_approved><![CDATA[1]]></wp:comment_approved>
			<wp:comment_type><![CDATA[]]></wp:comment_type>
			<wp:comment_parent>0</wp:comment_parent>
			<wp:comment_user_id>6</wp:comment_user_id>
		</wp:comment>
	</item>
	<item>
		<title>Ten Benefits Of Rentals That May Change Your Perspective</title>
		<link>http://wordpress-89239-751427.cloudwaysapps.com/ten-benefits-of-rentals-that-may-change-your-perspective/</link>
		<pubDate>Thu, 18 Oct 2018 21:14:42 +0000</pubDate>
		<dc:creator><![CDATA[bitwallas@yahoo.com]]></dc:creator>
		<guid isPermaLink="false">http://wordpress-89239-751427.cloudwaysapps.com/?p=588</guid>
		<description></description>
		<content:encoded><![CDATA[Lorem ipsum dolor sit amet, consectetur adipiscing elit. Duis mollis et sem sed sollicitudin. Donec non odio neque. Aliquam hendrerit sollicitudin purus, quis rutrum mi accumsan nec. <strong>Quisque bibendum orci ac nibh facilisis</strong>, at malesuada orci congue. Nullam tempus sollicitudin cursus. Ut et adipiscing erat. Curabitur <a href="https://magzilla10.favethemes.com/wp/magzilla/demo02/introducing-a-revolutionary-method-to-master-make-up/">this is a text link</a> libero tempus congue.

Duis mattis laoreet neque, et ornare neque sollicitudin at. Proin sagittis dolor sed mi elementum pretium. Donec et justo ante. Vivamus egestas sodales est, eu rhoncus urna semper eu. Cum sociis natoque penatibus et magnis dis parturient montes, nascetur ridiculus mus. Integer tristique elit lobortis purus bibendum, quis dictum metus mattis. Phasellus posuere felis sed eros porttitor mattis. Curabitur massa magna, tempor in blandit id, porta in ligula. Aliquam laoreet nisl massa, at interdum mauris sollicitudin et.
<h2>Quisque this is a link nibh facilisis at malesuada</h2>
Nullam tempus sollicitudin cursus. Nulla elit mauris, volutpat eu varius malesuada, pulvinar eu ligula. Ut et adipiscing erat. Curabitur adipiscing erat vel libero tempus congue. Nam pharetra interdum vestibulum. Aenean gravida mi non aliquet porttitor. Praesent dapibus, nisi a faucibus tincidunt, quam dolor condimentum metus, in convallis libero ligula ut eros.

[gallery size="large" link="none" columns="4" ids="560,579,558,576"]

Proin suscipit, ex non sodales aliquam, ante mauris laoreet felis, vitae fermentum ligula nibh ut ex. Vivamus sem magna, iaculis ut pretium ac, tincidunt vel ipsum. Maecenas commodo, velit vel porta vulputate, lorem sem accumsan nunc, nec scelerisque elit turpis eget mauris. Donec dictum elit vel nunc tristique, eu lobortis ante sodales. Etiam posuere leo ut leo laoreet, a gravida dui ultricies. Morbi vehicula nulla eget elit mollis, at condimentum est feugiat.
<div class="fluid-width-video-wrapper">
<div id="gallery-1" class="gallery galleryid-637 gallery-columns-4 gallery-size-medium">
<figure class="gallery-item">
<div class="gallery-icon landscape"></div></figure>
<figure class="gallery-item">
<div class="gallery-icon landscape"></div></figure>
</div>
</div>
<blockquote>Duis mollis et sem sed sollicitudin. Donec non odio neque. Aliquam hendrerit sollicitudin purus, quis  rutrum mi accumsan nec.</blockquote>
Duis mattis laoreet neque, et ornare neque sollicitudin at. Proin sagittis dolor sed mi elementum pretium. Donec et justo ante. Vivamus egestas sodales est, eu rhoncus urna semper eu. Cum sociis natoque penatibus et magnis dis parturient montes, nascetur ridiculus mus. Integer tristique elit lobortis purus bibendum, quis dictum metus mattis.
<h3>Phasellus posuere felis sed eros porttitor mattis</h3>
Curabitur massa magna, tempor in blandit id, porta in ligula. Aliquam laoreet nisl massa, at interdum mauris sollicitudin et. Mauris risus lectus, tristique at nisl at, pharetra tristique enim.

Nullam this is a link nibh facilisis, at malesuada orci congue. Nullam tempus sollicitudin cursus. Nulla elit mauris, volutpat eu varius malesuada, pulvinar eu ligula. Ut et adipiscing erat. Curabitur adipiscing erat vel libero tempus congue. Nam pharetra interdum vestibulum. Aenean gravida mi non aliquet porttitor. Praesent dapibus, nisi a faucibus tincidunt, quam dolor condimentum metus, in convallis libero ligula ut eros.
<ul>
 	<li>Lorem ipsum dolor sit amet, consectetuer adipiscing elit.</li>
 	<li>Aliquam tincidunt mauris eu risus.
<ol>
 	<li>Lorem ipsum dolor sit amet, consectetuer adipiscing elit.</li>
 	<li>Aliquam tincidunt mauris eu risus.</li>
 	<li>Vestibulum auctor dapibus neque.</li>
</ol>
</li>
 	<li>Vestibulum auctor dapibus neque.</li>
</ul>
Ut non gravida arcu. Vivamus non congue leo. Aliquam dapibus laoreet purus, vitae iaculis eros egestas ac. Mauris massa est, lobortis a viverra eget, elementum sit amet ligula. Maecenas venenatis eros quis porta laoreet.
<h4>Sed ultrices placerat metus. Vivamus posuere leo nunc, eget mollis odio posuere nec.</h4>
<img class="size-large wp-image-562 aligncenter" src="http://wordpress-89239-751427.cloudwaysapps.com/wp-content/uploads/2018/10/blog-01-1024x576.jpg" alt="" width="1024" height="576" />

&nbsp;

Vivamus varius vitae dolor ac hendrerit. Vestibulum nec dolor ac nunc blandit aliquam. Nam at metus non ligula egestas varius ac sed mauris. Fusce at mi metus. Nam elementum dui id nulla bibendum elementum.
<ol>
 	<li>Lorem ipsum dolor sit amet, consectetuer adipiscing elit.</li>
 	<li>Aliquam tincidunt mauris eu risus.
<ol>
 	<li>Lorem ipsum dolor sit amet, consectetuer adipiscing elit.</li>
 	<li>Aliquam tincidunt mauris eu risus.</li>
 	<li>Vestibulum auctor dapibus neque.</li>
</ol>
</li>
 	<li>Vestibulum auctor dapibus neque.</li>
</ol>
Proin sagittis dolor sed mi elementum pretium. Donec et justo ante. Vivamus egestas sodales est, eu rhoncus urna semper eu. Cum sociis natoque penatibus et magnis dis parturient montes, nascetur ridiculus mus. Integer tristique elit lobortis purus bibendum, quis dictum metus mattis. Phasellus posuere felis sed eros porttitor mattis. Curabitur massa magna, tempor in blandit id, porta in ligula. Aliquam laoreet nisl massa, at interdum mauris sollicitudin et.]]></content:encoded>
		<excerpt:encoded><![CDATA[]]></excerpt:encoded>
		<wp:post_id>588</wp:post_id>
		<wp:post_date><![CDATA[2018-10-18 21:14:42]]></wp:post_date>
		<wp:post_date_gmt><![CDATA[2018-10-18 21:14:42]]></wp:post_date_gmt>
		<wp:comment_status><![CDATA[open]]></wp:comment_status>
		<wp:ping_status><![CDATA[open]]></wp:ping_status>
		<wp:post_name><![CDATA[ten-benefits-of-rentals-that-may-change-your-perspective]]></wp:post_name>
		<wp:status><![CDATA[publish]]></wp:status>
		<wp:post_parent>0</wp:post_parent>
		<wp:menu_order>0</wp:menu_order>
		<wp:post_type><![CDATA[post]]></wp:post_type>
		<wp:post_password><![CDATA[]]></wp:post_password>
		<wp:is_sticky>0</wp:is_sticky>
		<category domain="post_tag" nicename="accomodations"><![CDATA[Accomodations]]></category>
		<category domain="post_tag" nicename="booking"><![CDATA[Booking]]></category>
		<category domain="post_tag" nicename="holidays"><![CDATA[Holidays]]></category>
		<category domain="category" nicename="rentals"><![CDATA[Rentals]]></category>
		<category domain="post_tag" nicename="rentals"><![CDATA[Rentals]]></category>
		<category domain="post_tag" nicename="reservations"><![CDATA[Reservations]]></category>
		<wp:postmeta>
			<wp:meta_key><![CDATA[_edit_last]]></wp:meta_key>
			<wp:meta_value><![CDATA[1]]></wp:meta_value>
		</wp:postmeta>
		<wp:comment>
			<wp:comment_id>6</wp:comment_id>
			<wp:comment_author><![CDATA[Kenneth James]]></wp:comment_author>
			<wp:comment_author_email><![CDATA[HomeyHost01@email.com]]></wp:comment_author_email>
			<wp:comment_author_url></wp:comment_author_url>
			<wp:comment_author_IP><![CDATA[127.0.0.1]]></wp:comment_author_IP>
			<wp:comment_date><![CDATA[2018-10-22 15:52:43]]></wp:comment_date>
			<wp:comment_date_gmt><![CDATA[2018-10-22 15:52:43]]></wp:comment_date_gmt>
			<wp:comment_content><![CDATA[Proin sagittis dolor sed mi elementum pretium. Donec et justo ante. Vivamus egestas sodales est, eu rhoncus urna semper eu. Cum sociis natoque penatibus et magnis dis parturient montes, nascetur ridiculus mus.]]></wp:comment_content>
			<wp:comment_approved><![CDATA[1]]></wp:comment_approved>
			<wp:comment_type><![CDATA[]]></wp:comment_type>
			<wp:comment_parent>0</wp:comment_parent>
			<wp:comment_user_id>4</wp:comment_user_id>
		</wp:comment>
		<wp:comment>
			<wp:comment_id>10</wp:comment_id>
			<wp:comment_author><![CDATA[Donna Wade]]></wp:comment_author>
			<wp:comment_author_email><![CDATA[HomeyHost03@email.com]]></wp:comment_author_email>
			<wp:comment_author_url></wp:comment_author_url>
			<wp:comment_author_IP><![CDATA[127.0.0.1]]></wp:comment_author_IP>
			<wp:comment_date><![CDATA[2018-10-22 16:06:42]]></wp:comment_date>
			<wp:comment_date_gmt><![CDATA[2018-10-22 16:06:42]]></wp:comment_date_gmt>
			<wp:comment_content><![CDATA[Lorem ipsum dolor sit amet, consectetur adipiscing elit. Suspendisse vitae sapien vitae massa eleifend ullamcorper. Nam elit orci, sagittis vitae dictum sit amet, pellentesque elementum arcu. Ut eleifend sem ornare, blandit dui pretium, fringilla ex. Fusce luctus hendrerit turpis. Cras rhoncus non tellus sed sodales.]]></wp:comment_content>
			<wp:comment_approved><![CDATA[1]]></wp:comment_approved>
			<wp:comment_type><![CDATA[]]></wp:comment_type>
			<wp:comment_parent>6</wp:comment_parent>
			<wp:comment_user_id>6</wp:comment_user_id>
		</wp:comment>
	</item>
	<item>
		<title>7 Important Facts That You Should Know About Rentals</title>
		<link>http://wordpress-89239-751427.cloudwaysapps.com/7-important-facts-that-you-should-know-about-rentals/</link>
		<pubDate>Thu, 18 Oct 2018 21:15:36 +0000</pubDate>
		<dc:creator><![CDATA[bitwallas@yahoo.com]]></dc:creator>
		<guid isPermaLink="false">http://wordpress-89239-751427.cloudwaysapps.com/?p=591</guid>
		<description></description>
		<content:encoded><![CDATA[Lorem ipsum dolor sit amet, consectetur adipiscing elit. Duis mollis et sem sed sollicitudin. Donec non odio neque. Aliquam hendrerit sollicitudin purus, quis rutrum mi accumsan nec. <strong>Quisque bibendum orci ac nibh facilisis</strong>, at malesuada orci congue. Nullam tempus sollicitudin cursus. Ut et adipiscing erat. Curabitur <a href="https://magzilla10.favethemes.com/wp/magzilla/demo02/introducing-a-revolutionary-method-to-master-make-up/">this is a text link</a> libero tempus congue.

Duis mattis laoreet neque, et ornare neque sollicitudin at. Proin sagittis dolor sed mi elementum pretium. Donec et justo ante. Vivamus egestas sodales est, eu rhoncus urna semper eu. Cum sociis natoque penatibus et magnis dis parturient montes, nascetur ridiculus mus. Integer tristique elit lobortis purus bibendum, quis dictum metus mattis. Phasellus posuere felis sed eros porttitor mattis. Curabitur massa magna, tempor in blandit id, porta in ligula. Aliquam laoreet nisl massa, at interdum mauris sollicitudin et.
<h2>Quisque this is a link nibh facilisis at malesuada</h2>
Nullam tempus sollicitudin cursus. Nulla elit mauris, volutpat eu varius malesuada, pulvinar eu ligula. Ut et adipiscing erat. Curabitur adipiscing erat vel libero tempus congue. Nam pharetra interdum vestibulum. Aenean gravida mi non aliquet porttitor. Praesent dapibus, nisi a faucibus tincidunt, quam dolor condimentum metus, in convallis libero ligula ut eros.

[gallery size="large" link="none" columns="4" ids="560,579,558,576"]

Proin suscipit, ex non sodales aliquam, ante mauris laoreet felis, vitae fermentum ligula nibh ut ex. Vivamus sem magna, iaculis ut pretium ac, tincidunt vel ipsum. Maecenas commodo, velit vel porta vulputate, lorem sem accumsan nunc, nec scelerisque elit turpis eget mauris. Donec dictum elit vel nunc tristique, eu lobortis ante sodales. Etiam posuere leo ut leo laoreet, a gravida dui ultricies. Morbi vehicula nulla eget elit mollis, at condimentum est feugiat.
<div class="fluid-width-video-wrapper">
<div id="gallery-1" class="gallery galleryid-637 gallery-columns-4 gallery-size-medium">
<figure class="gallery-item">
<div class="gallery-icon landscape"></div></figure>
<figure class="gallery-item">
<div class="gallery-icon landscape"></div></figure>
</div>
</div>
<blockquote>Duis mollis et sem sed sollicitudin. Donec non odio neque. Aliquam hendrerit sollicitudin purus, quis  rutrum mi accumsan nec.</blockquote>
Duis mattis laoreet neque, et ornare neque sollicitudin at. Proin sagittis dolor sed mi elementum pretium. Donec et justo ante. Vivamus egestas sodales est, eu rhoncus urna semper eu. Cum sociis natoque penatibus et magnis dis parturient montes, nascetur ridiculus mus. Integer tristique elit lobortis purus bibendum, quis dictum metus mattis.
<h3>Phasellus posuere felis sed eros porttitor mattis</h3>
Curabitur massa magna, tempor in blandit id, porta in ligula. Aliquam laoreet nisl massa, at interdum mauris sollicitudin et. Mauris risus lectus, tristique at nisl at, pharetra tristique enim.

Nullam this is a link nibh facilisis, at malesuada orci congue. Nullam tempus sollicitudin cursus. Nulla elit mauris, volutpat eu varius malesuada, pulvinar eu ligula. Ut et adipiscing erat. Curabitur adipiscing erat vel libero tempus congue. Nam pharetra interdum vestibulum. Aenean gravida mi non aliquet porttitor. Praesent dapibus, nisi a faucibus tincidunt, quam dolor condimentum metus, in convallis libero ligula ut eros.
<ul>
 	<li>Lorem ipsum dolor sit amet, consectetuer adipiscing elit.</li>
 	<li>Aliquam tincidunt mauris eu risus.
<ol>
 	<li>Lorem ipsum dolor sit amet, consectetuer adipiscing elit.</li>
 	<li>Aliquam tincidunt mauris eu risus.</li>
 	<li>Vestibulum auctor dapibus neque.</li>
</ol>
</li>
 	<li>Vestibulum auctor dapibus neque.</li>
</ul>
Ut non gravida arcu. Vivamus non congue leo. Aliquam dapibus laoreet purus, vitae iaculis eros egestas ac. Mauris massa est, lobortis a viverra eget, elementum sit amet ligula. Maecenas venenatis eros quis porta laoreet.
<h4>Sed ultrices placerat metus. Vivamus posuere leo nunc, eget mollis odio posuere nec.</h4>
<img class="size-large wp-image-562 aligncenter" src="http://wordpress-89239-751427.cloudwaysapps.com/wp-content/uploads/2018/10/blog-01-1024x576.jpg" alt="" width="1024" height="576" />

&nbsp;

Vivamus varius vitae dolor ac hendrerit. Vestibulum nec dolor ac nunc blandit aliquam. Nam at metus non ligula egestas varius ac sed mauris. Fusce at mi metus. Nam elementum dui id nulla bibendum elementum.
<ol>
 	<li>Lorem ipsum dolor sit amet, consectetuer adipiscing elit.</li>
 	<li>Aliquam tincidunt mauris eu risus.
<ol>
 	<li>Lorem ipsum dolor sit amet, consectetuer adipiscing elit.</li>
 	<li>Aliquam tincidunt mauris eu risus.</li>
 	<li>Vestibulum auctor dapibus neque.</li>
</ol>
</li>
 	<li>Vestibulum auctor dapibus neque.</li>
</ol>
Proin sagittis dolor sed mi elementum pretium. Donec et justo ante. Vivamus egestas sodales est, eu rhoncus urna semper eu. Cum sociis natoque penatibus et magnis dis parturient montes, nascetur ridiculus mus. Integer tristique elit lobortis purus bibendum, quis dictum metus mattis. Phasellus posuere felis sed eros porttitor mattis. Curabitur massa magna, tempor in blandit id, porta in ligula. Aliquam laoreet nisl massa, at interdum mauris sollicitudin et.]]></content:encoded>
		<excerpt:encoded><![CDATA[]]></excerpt:encoded>
		<wp:post_id>591</wp:post_id>
		<wp:post_date><![CDATA[2018-10-18 21:15:36]]></wp:post_date>
		<wp:post_date_gmt><![CDATA[2018-10-18 21:15:36]]></wp:post_date_gmt>
		<wp:comment_status><![CDATA[open]]></wp:comment_status>
		<wp:ping_status><![CDATA[open]]></wp:ping_status>
		<wp:post_name><![CDATA[7-important-facts-that-you-should-know-about-rentals]]></wp:post_name>
		<wp:status><![CDATA[publish]]></wp:status>
		<wp:post_parent>0</wp:post_parent>
		<wp:menu_order>0</wp:menu_order>
		<wp:post_type><![CDATA[post]]></wp:post_type>
		<wp:post_password><![CDATA[]]></wp:post_password>
		<wp:is_sticky>0</wp:is_sticky>
		<category domain="post_tag" nicename="accomodations"><![CDATA[Accomodations]]></category>
		<category domain="post_tag" nicename="booking"><![CDATA[Booking]]></category>
		<category domain="post_tag" nicename="holidays"><![CDATA[Holidays]]></category>
		<category domain="category" nicename="rentals"><![CDATA[Rentals]]></category>
		<category domain="post_tag" nicename="rentals"><![CDATA[Rentals]]></category>
		<category domain="post_tag" nicename="reservations"><![CDATA[Reservations]]></category>
		<wp:postmeta>
			<wp:meta_key><![CDATA[_edit_last]]></wp:meta_key>
			<wp:meta_value><![CDATA[1]]></wp:meta_value>
		</wp:postmeta>
		<wp:comment>
			<wp:comment_id>5</wp:comment_id>
			<wp:comment_author><![CDATA[Kenneth James]]></wp:comment_author>
			<wp:comment_author_email><![CDATA[HomeyHost01@email.com]]></wp:comment_author_email>
			<wp:comment_author_url></wp:comment_author_url>
			<wp:comment_author_IP><![CDATA[127.0.0.1]]></wp:comment_author_IP>
			<wp:comment_date><![CDATA[2018-10-22 15:52:21]]></wp:comment_date>
			<wp:comment_date_gmt><![CDATA[2018-10-22 15:52:21]]></wp:comment_date_gmt>
			<wp:comment_content><![CDATA[Nullam tempus sollicitudin cursus. Nulla elit mauris, volutpat eu varius malesuada, pulvinar eu ligula. Ut et adipiscing erat. Curabitur adipiscing erat vel libero tempus congue. Nam pharetra interdum vestibulum. Aenean gravida mi non aliquet porttitor. Praesent dapibus, nisi a faucibus tincidunt, quam dolor condimentum metus, in convallis libero ligula ut eros.]]></wp:comment_content>
			<wp:comment_approved><![CDATA[1]]></wp:comment_approved>
			<wp:comment_type><![CDATA[]]></wp:comment_type>
			<wp:comment_parent>0</wp:comment_parent>
			<wp:comment_user_id>4</wp:comment_user_id>
		</wp:comment>
	</item>
	<item>
		<title>Here&#039;s What People Are Saying About Rentals</title>
		<link>http://wordpress-89239-751427.cloudwaysapps.com/heres-what-people-are-saying-about-rentals/</link>
		<pubDate>Thu, 18 Oct 2018 21:16:41 +0000</pubDate>
		<dc:creator><![CDATA[bitwallas@yahoo.com]]></dc:creator>
		<guid isPermaLink="false">http://wordpress-89239-751427.cloudwaysapps.com/?p=594</guid>
		<description></description>
		<content:encoded><![CDATA[Lorem ipsum dolor sit amet, consectetur adipiscing elit. Duis mollis et sem sed sollicitudin. Donec non odio neque. Aliquam hendrerit sollicitudin purus, quis rutrum mi accumsan nec. <strong>Quisque bibendum orci ac nibh facilisis</strong>, at malesuada orci congue. Nullam tempus sollicitudin cursus. Ut et adipiscing erat. Curabitur <a href="https://magzilla10.favethemes.com/wp/magzilla/demo02/introducing-a-revolutionary-method-to-master-make-up/">this is a text link</a> libero tempus congue.

Duis mattis laoreet neque, et ornare neque sollicitudin at. Proin sagittis dolor sed mi elementum pretium. Donec et justo ante. Vivamus egestas sodales est, eu rhoncus urna semper eu. Cum sociis natoque penatibus et magnis dis parturient montes, nascetur ridiculus mus. Integer tristique elit lobortis purus bibendum, quis dictum metus mattis. Phasellus posuere felis sed eros porttitor mattis. Curabitur massa magna, tempor in blandit id, porta in ligula. Aliquam laoreet nisl massa, at interdum mauris sollicitudin et.
<h2>Quisque this is a link nibh facilisis at malesuada</h2>
Nullam tempus sollicitudin cursus. Nulla elit mauris, volutpat eu varius malesuada, pulvinar eu ligula. Ut et adipiscing erat. Curabitur adipiscing erat vel libero tempus congue. Nam pharetra interdum vestibulum. Aenean gravida mi non aliquet porttitor. Praesent dapibus, nisi a faucibus tincidunt, quam dolor condimentum metus, in convallis libero ligula ut eros.

[gallery size="large" link="none" columns="4" ids="560,579,558,576"]

Proin suscipit, ex non sodales aliquam, ante mauris laoreet felis, vitae fermentum ligula nibh ut ex. Vivamus sem magna, iaculis ut pretium ac, tincidunt vel ipsum. Maecenas commodo, velit vel porta vulputate, lorem sem accumsan nunc, nec scelerisque elit turpis eget mauris. Donec dictum elit vel nunc tristique, eu lobortis ante sodales. Etiam posuere leo ut leo laoreet, a gravida dui ultricies. Morbi vehicula nulla eget elit mollis, at condimentum est feugiat.
<div class="fluid-width-video-wrapper">
<div id="gallery-1" class="gallery galleryid-637 gallery-columns-4 gallery-size-medium">
<figure class="gallery-item">
<div class="gallery-icon landscape"></div></figure>
<figure class="gallery-item">
<div class="gallery-icon landscape"></div></figure>
</div>
</div>
<blockquote>Duis mollis et sem sed sollicitudin. Donec non odio neque. Aliquam hendrerit sollicitudin purus, quis  rutrum mi accumsan nec.</blockquote>
Duis mattis laoreet neque, et ornare neque sollicitudin at. Proin sagittis dolor sed mi elementum pretium. Donec et justo ante. Vivamus egestas sodales est, eu rhoncus urna semper eu. Cum sociis natoque penatibus et magnis dis parturient montes, nascetur ridiculus mus. Integer tristique elit lobortis purus bibendum, quis dictum metus mattis.
<h3>Phasellus posuere felis sed eros porttitor mattis</h3>
Curabitur massa magna, tempor in blandit id, porta in ligula. Aliquam laoreet nisl massa, at interdum mauris sollicitudin et. Mauris risus lectus, tristique at nisl at, pharetra tristique enim.

Nullam this is a link nibh facilisis, at malesuada orci congue. Nullam tempus sollicitudin cursus. Nulla elit mauris, volutpat eu varius malesuada, pulvinar eu ligula. Ut et adipiscing erat. Curabitur adipiscing erat vel libero tempus congue. Nam pharetra interdum vestibulum. Aenean gravida mi non aliquet porttitor. Praesent dapibus, nisi a faucibus tincidunt, quam dolor condimentum metus, in convallis libero ligula ut eros.
<ul>
 	<li>Lorem ipsum dolor sit amet, consectetuer adipiscing elit.</li>
 	<li>Aliquam tincidunt mauris eu risus.
<ol>
 	<li>Lorem ipsum dolor sit amet, consectetuer adipiscing elit.</li>
 	<li>Aliquam tincidunt mauris eu risus.</li>
 	<li>Vestibulum auctor dapibus neque.</li>
</ol>
</li>
 	<li>Vestibulum auctor dapibus neque.</li>
</ul>
Ut non gravida arcu. Vivamus non congue leo. Aliquam dapibus laoreet purus, vitae iaculis eros egestas ac. Mauris massa est, lobortis a viverra eget, elementum sit amet ligula. Maecenas venenatis eros quis porta laoreet.
<h4>Sed ultrices placerat metus. Vivamus posuere leo nunc, eget mollis odio posuere nec.</h4>
<img class="size-large wp-image-562 aligncenter" src="http://wordpress-89239-751427.cloudwaysapps.com/wp-content/uploads/2018/10/blog-01-1024x576.jpg" alt="" width="1024" height="576" />

&nbsp;

Vivamus varius vitae dolor ac hendrerit. Vestibulum nec dolor ac nunc blandit aliquam. Nam at metus non ligula egestas varius ac sed mauris. Fusce at mi metus. Nam elementum dui id nulla bibendum elementum.
<ol>
 	<li>Lorem ipsum dolor sit amet, consectetuer adipiscing elit.</li>
 	<li>Aliquam tincidunt mauris eu risus.
<ol>
 	<li>Lorem ipsum dolor sit amet, consectetuer adipiscing elit.</li>
 	<li>Aliquam tincidunt mauris eu risus.</li>
 	<li>Vestibulum auctor dapibus neque.</li>
</ol>
</li>
 	<li>Vestibulum auctor dapibus neque.</li>
</ol>
Proin sagittis dolor sed mi elementum pretium. Donec et justo ante. Vivamus egestas sodales est, eu rhoncus urna semper eu. Cum sociis natoque penatibus et magnis dis parturient montes, nascetur ridiculus mus. Integer tristique elit lobortis purus bibendum, quis dictum metus mattis. Phasellus posuere felis sed eros porttitor mattis. Curabitur massa magna, tempor in blandit id, porta in ligula. Aliquam laoreet nisl massa, at interdum mauris sollicitudin et.]]></content:encoded>
		<excerpt:encoded><![CDATA[]]></excerpt:encoded>
		<wp:post_id>594</wp:post_id>
		<wp:post_date><![CDATA[2018-10-18 21:16:41]]></wp:post_date>
		<wp:post_date_gmt><![CDATA[2018-10-18 21:16:41]]></wp:post_date_gmt>
		<wp:comment_status><![CDATA[open]]></wp:comment_status>
		<wp:ping_status><![CDATA[open]]></wp:ping_status>
		<wp:post_name><![CDATA[heres-what-people-are-saying-about-rentals]]></wp:post_name>
		<wp:status><![CDATA[publish]]></wp:status>
		<wp:post_parent>0</wp:post_parent>
		<wp:menu_order>0</wp:menu_order>
		<wp:post_type><![CDATA[post]]></wp:post_type>
		<wp:post_password><![CDATA[]]></wp:post_password>
		<wp:is_sticky>0</wp:is_sticky>
		<category domain="post_tag" nicename="accomodations"><![CDATA[Accomodations]]></category>
		<category domain="post_tag" nicename="booking"><![CDATA[Booking]]></category>
		<category domain="post_tag" nicename="holidays"><![CDATA[Holidays]]></category>
		<category domain="category" nicename="rentals"><![CDATA[Rentals]]></category>
		<category domain="post_tag" nicename="rentals"><![CDATA[Rentals]]></category>
		<category domain="post_tag" nicename="reservations"><![CDATA[Reservations]]></category>
		<wp:postmeta>
			<wp:meta_key><![CDATA[_edit_last]]></wp:meta_key>
			<wp:meta_value><![CDATA[1]]></wp:meta_value>
		</wp:postmeta>
		<wp:comment>
			<wp:comment_id>4</wp:comment_id>
			<wp:comment_author><![CDATA[Kenneth James]]></wp:comment_author>
			<wp:comment_author_email><![CDATA[HomeyHost01@email.com]]></wp:comment_author_email>
			<wp:comment_author_url></wp:comment_author_url>
			<wp:comment_author_IP><![CDATA[127.0.0.1]]></wp:comment_author_IP>
			<wp:comment_date><![CDATA[2018-10-22 15:52:02]]></wp:comment_date>
			<wp:comment_date_gmt><![CDATA[2018-10-22 15:52:02]]></wp:comment_date_gmt>
			<wp:comment_content><![CDATA[Nullam tempus sollicitudin cursus. Nulla elit mauris, volutpat eu varius malesuada, pulvinar eu ligula. Ut et adipiscing erat. Curabitur adipiscing erat vel libero tempus congue. Nam pharetra interdum vestibulum. Aenean gravida mi non aliquet porttitor. Praesent dapibus, nisi a faucibus tincidunt, quam dolor condimentum metus, in convallis libero ligula ut eros.]]></wp:comment_content>
			<wp:comment_approved><![CDATA[1]]></wp:comment_approved>
			<wp:comment_type><![CDATA[]]></wp:comment_type>
			<wp:comment_parent>0</wp:comment_parent>
			<wp:comment_user_id>4</wp:comment_user_id>
		</wp:comment>
		<wp:comment>
			<wp:comment_id>13</wp:comment_id>
			<wp:comment_author><![CDATA[Mike Parker]]></wp:comment_author>
			<wp:comment_author_email><![CDATA[bitwallas@yahoo.com]]></wp:comment_author_email>
			<wp:comment_author_url></wp:comment_author_url>
			<wp:comment_author_IP><![CDATA[127.0.0.1]]></wp:comment_author_IP>
			<wp:comment_date><![CDATA[2018-10-22 16:14:27]]></wp:comment_date>
			<wp:comment_date_gmt><![CDATA[2018-10-22 16:14:27]]></wp:comment_date_gmt>
			<wp:comment_content><![CDATA[Proin sagittis dolor sed mi elementum pretium. Donec et justo ante. Vivamus egestas sodales est, eu rhoncus urna semper eu. Cum sociis natoque penatibus et magnis dis parturient montes, nascetur ridiculus mus.]]></wp:comment_content>
			<wp:comment_approved><![CDATA[1]]></wp:comment_approved>
			<wp:comment_type><![CDATA[]]></wp:comment_type>
			<wp:comment_parent>4</wp:comment_parent>
			<wp:comment_user_id>1</wp:comment_user_id>
		</wp:comment>
	</item>
</channel>
</rss>
