{"default-sidebar":{"search-2":{"title":"Search"},"recent-posts-2":{"title":"Recent Posts","number":3,"show_date":true}},"page-sidebar":{"nav_menu-3":{"title":"Company","nav_menu":53},"nav_menu-4":{"title":"Help","nav_menu":53},"nav_menu-5":{"title":"Company","nav_menu":null},"nav_menu-6":{"title":"Help","nav_menu":null}},"listing-sidebar":{"homey_listing_listview-8":{"title":"Featured","items_num":"4","listing_type":"","room_type":"","listing_city":"","listing_area":"","listing_state":"","featured":"on"},"homey_listing-5":{"title":"Slider","items_num":"5","listing_type":"","room_type":"","listing_city":"","listing_area":"","listing_state":"","widget_type":"slider","featured":null},"homey_latest_reviews-7":{"title":"Latest Reviews","items_num":"3"},"homey_latest_posts-15":{"title":"Latest Posts","items_num":"3","category":""},"homey_image_banner_300_250-14":{"title":"","banner_url":"http:\/\/wordpress-89239-630690.cloudwaysapps.com\/wp-content\/uploads\/2019\/01\/banner.png","banner_link":"http:\/\/gethomey.io","hide_title":null}},"blog-sidebar":{"homey_listing_listview-9":{"title":"Listings","items_num":"3","listing_type":"","room_type":"","listing_city":"","listing_area":"","listing_state":"","featured":null},"search-3":{"title":"Search"},"homey_taxonomies_cars-9":{"title":"Discover","taxonomy":"listing_type","tax_count":"yes","items_num":"9"},"homey_latest_posts-16":{"title":"Latest Posts","items_num":"3","category":""},"homey_latest_comments-10":{"title":"Latest Comments","comments_show":"3"},"mc4wp_form_widget-2":{"title":"Newsletter Sign Up!"}}}