{"last_tab":"66","homey_site_mode":"per_day","homey_calendar_months":"12","homey_date_format":"yy-mm-dd","homey_time_format":"12","users_admin_access":"1","hide-host-contact":"0","menu-sticky":"1","sticky_search":"0","site_breadcrumb":"1","sticky_sidebar":{"default_sidebar":"1","listing_sidebar":"1","experience_sidebar":"","page_sidebar":"1","blog_sidebar":"1"},"glc_day_date_label":"day","glc_day_dates_label":"days","glc_day_night_label":"night","glc_day_nights_label":"nights","glc_hour_label":"Hour","glc_hours_label":"Hours","glc_week_label":"week","glc_weeks_label":"weeks","glc_month_label":"Month","glc_months_label":"Months","cmn_guest_label":"Guest","cmn_guests_label":"Guests","srh_whr_to_go":"Where to go?","srh_arrive_label":"Arrive","srh_depart_label":"Depart","srh_starts_label":"Starts","srh_ends_label":"Ends","srh_guest_label":"Guest","srh_guests_label":"Guests","srh_adults_label":"Adults","srh_child_label":"Children","srh_listing_type":"Listing Type","srh_room_type":"Room Type","srh_size":"Size","srh_price":"Price","srh_bedrooms":"n. of bedrooms","srh_rooms":"n. of rooms","srh_amenities":"Amenities","srh_facilities":"Facilities","srh_host_language":"Host Languages","srh_whr_to_go_exp":"Where to go?","srh_arrive_label_exp":"Date","srh_guest_label_exp":"Guest","srh_guests_label_exp":"Guests","srh_experience_type":"Experience Type","srh_price_exp":"Price","srh_amenities_exp":"Amenities","srh_facilities_exp":"Facilities","srh_host_language_exp":"Host Languages","ad_text_yes":"Yes","ad_text_no":"No","ad_perstay_text":"Per stay","ad_daily_text":"Daily","ad_weekly_text":"Weekly","ad_monthly_text":"Monthly","ad_day_date_text":"Daily","ad_hourly_text":"Hourly","ad_close":"Closed","ad_text_select":"Select","ad_section_mode":"Listing Mode","ad_section_info":"Information","ad_section_price_terms":"Terms","ad_section_time":"Time","ad_section_what_is_provided":"Providing","ad_room_type":"What kind of place do you want to list?","ad_title":"Title","ad_title_plac":"Enter the listing title","ad_des":"Description","ad_no_of_bedrooms":"Number of bedrooms","ad_no_of_bedrooms_plac":"Enter number of bedrooms","ad_no_of_guests":"Number of guest","ad_no_of_guests_plac":"Enter number of guest","ad_no_of_beds":"Number of beds","ad_no_of_beds_plac":"Enter number of beds","ad_no_of_bathrooms":"Number of bathrooms","ad_no_of_bathrooms_plac":"Enter number of bathrooms","ad_listing_rooms":"Number of Room","ad_listing_rooms_plac":"Enter number of rooms","ad_listing_type":"Type of listing","ad_listing_type_plac":"Select listing Type","ad_listing_size":"Size","ad_size_placeholder":"Enter the size. Only numbers","ad_listing_size_unit":"Unit of measure","ad_listing_size_unit_plac":"Enter the unit of measure. Ex. SqFt","ad_affiliate_booking_link":"Affiliate Booking Link","ad_affiliate_booking_link_plac":"Enter Affiliate Booking Link","ad_is_featured_label":"Make this listing as featured?","ad_pricing_label":"Pricing","ad_ins_booking_label":"Instance booking","ad_ins_booking_des":"Allow instant booking for this place.","ad_price_label":"Price","ad_price_plac":"Enter Price","ad_day_date_daily_label":"Daily","ad_day_date_daily_plac":"Enter price for 1 day","ad_nightly_label":"Nightly","ad_nightly_plac":"Enter price for 1 night","ad_weekly_label":"Weekly","ad_weekly_plac":"Enter price for 1 week","ad_monthly_label":"Monthly","ad_monthly_plac":"Enter price for 1 month","ad_price_postfix_label":"After Price Label","ad_price_postfix_plac":"Enter after price label. Eg: Night\/Hr","ad_weekends_label":"Weekends","ad_weekends_plac":"Enter the unit price for a single day","ad_weekend_days_label":"Select the days to apply weekend pricing","ad_long_term_pricing":"Long-term pricing","ad_weekly7DayDates":"Weekly - 7+ days","ad_weekly7DayDates_plac":"Enter the unit price for a single day","ad_weekly7nights":"Weekly <span class=\"text-normal\">- 7+ nights<\/span>","ad_weekly7nights_plac":"Enter the unit price for a single day","ad_monthly30DayDates":"Monthly - 30+ days","ad_monthly30DayDates_plac":"Enter the unit price for a single day","ad_monthly30nights":"Monthly <span class=\"text-normal\">- 30+ nights<\/span>","ad_monthly30nights_plac":"Enter the unit price for a single day","ad_add_costs_label":"Additional costs","ad_allow_additional_guests":"Allow additional guests","ad_addinal_guests_label":"Additional guests","ad_addinal_guests_plac":"Enter the price for 1 additional guest","ad_cleaning_fee":"Cleaning fee","ad_cleaning_fee_plac":"Enter the price for cleaning fee","ad_cleaning_fee_type_label":"Cleaning fee type","ad_city_fee":"City fee","ad_city_fee_plac":"Enter the price for city fee","ad_city_fee_type_label":"City fee type","ad_security_deposit_label":"Security deposit","ad_security_deposit_plac":"Enter price for security deposit","ad_tax_rate_label":"Tax %","ad_tax_rate_plac":"Enter tax percentage (only number)","ad_features":"Features","ad_amenities":"Amenities","ad_facilities":"Facilities","ad_section_media":"Media","ad_drag_drop_img":"Drag and drop the images to customize the gallery order.<br>Click on the star icon to set the featured image","ad_image_size_text":"(Minimum size 1440 x 900 px)","ad_upload_btn":"Select and upload","ad_video_section":"Video","ad_video_url":"Video URL","ad_video_placeholder":"Enter the video link or URL. Supported formats: YouTube, Vimeo, SWF and MOV","ad_location":"Location","ad_address":"Address","ad_address_placeholder":"Enter the listing address","ad_aptSuit":"Apt, Suite (Optional)","ad_aptSuit_placeholder":"Ex. #123","ad_country":"Country","ad_country_placeholder":"Enter the Country","ad_state":"State","ad_state_placeholder":"Enter the State","ad_city":"City","ad_city_placeholder":"Enter the City","ad_area":"Area","ad_area_placeholder":"Enter the Area","ad_zipcode":"Zip Code","ad_zipcode_placeholder":"Enter your Zip Code","ad_drag_pin":"Drag and drop the pin on map to find exact location","ad_find_address":"Find the address on the map","ad_lat":"Latitude","ad_long":"Longitude","ad_find_address_btn":"Find Address","ad_bedrooms_text":"Bedrooms","ad_acc_bedroom_name":"Bedroom name","ad_acc_bedroom_name_plac":"Ex. Master Room or Room 1","ad_acc_guests":"Number of guests","ad_acc_guests_plac":"Enter the number of guests for this room","ad_acc_no_of_beds":"Number of beds","ad_acc_no_of_beds_plac":"Enter the number of beds","ad_acc_bedroom_type":"Bed type","ad_acc_bedroom_type_plac":"Enter the bed type","ad_acc_btn_remove_room":"Remove this room","ad_acc_btn_add_other":"Add another room","ad_services_text":"Services","ad_service_name":"Service name","ad_service_name_plac":"Ex. Projection Screen","ad_service_price":"Service Price","ad_service_price_plac":"Enter the service price","ad_service_des":"Service description","ad_service_des_plac":"Enter the service description","ad_btn_remove_service":"Remove this service","ad_btn_add_service":"Add another service","ad_terms_rules":"Terms","ad_virtual_tour":"Virtual Tour","ad_cancel_policy":"Cancellation Policy","ad_cancel_policy_plac":"Enter your cancellation policy","ad_min_days_booking":"Minimum days of a booking","ad_min_days_booking_plac":"Enter the minimum days of a booking (Only number)","ad_max_days_booking":"Maximum days of a booking","ad_max_days_booking_plac":"Enter the maximum days of booking (Only number)","ad_min_weeks_booking":"Minimum number of weeks","ad_min_weeks_booking_plac":"Enter the minimum weeks of a booking (Only number)","ad_max_weeks_booking":"Maximum number of weeks","ad_max_weeks_booking_plac":"Enter the maximum weeks of a booking (Only number)","ad_min_months_booking":"Minimum number of months","ad_min_months_booking_plac":"Enter the minimum months of a booking (Only number)","ad_max_months_booking":"Maximum number of months","ad_max_months_booking_plac":"Enter the maximum months of a booking (Only number)","ad_min_hours_booking":"Minimum hours of a booking","ad_min_hours_booking_plac":"Enter the minimum hours of a booking","ad_max_hours_booking":"Maximum hours of a booking","ad_max_hours_booking_plac":"Enter the maximum hours of a booking","ad_check_in_after":"Check-in After","ad_check_out_before":"Check-out Before","ad_smoking_allowed":"Smoking allowed","ad_pets_allowed":"Pets allowed","ad_party_allowed":"Party allowed","ad_children_allowed":"Children allowed","ad_add_rules_info_optional":"Additional rules information (Optional)","ad_section_openning":"Openning Hours","ad_mon_fri":"Monday to Friday","ad_sat":"Saturday","ad_sun":"Sunday","sn_type_label":"Type","sn_accom_label":"Accomodation","sn_guests_label":"Guests","sn_id_label":"ID","sn_bedrooms_label":"Bedrooms","sn_beds_label":"Beds","sn_bathrooms_label":"Bathrooms","sn_rooms_label":"Rooms","sn_fullbath_label":"Full","sn_halfbath_label":"Half Baths","sn_closed_label":"Closed","sn_about_listing_title":"About this listing","sn_accommodates_label":"Accommodates","sn_opening_hours_label":"Opening Hours","sn_mon_fri_label":"Mon - Fri","sn_sat_label":"Sat","sn_sun_label":"Sun","sn_size_label":"Size","sn_check_in_after":"Check-in After","sn_check_out_before":"Check-out Before","sn_nightly_label":"Nightly","sn_hourly_label":"Hourly","sn_weekends_label":"Weekends","sn_weekly7d_label":"Weekly (7d+)","sn_monthly30d_label":"Monthly (30d+)","sn_security_deposit_label":"Security deposit","sn_tax_rate_label":"Tax %","sn_addinal_guests_label":"Additional guests","sn_allow_additional_guests":"Allow additional guests","sn_cleaning_fee":"Cleaning fee","sn_city_fee":"City fee","sn_min_no_of_days":"Minimum number of days","sn_max_no_of_days":"Maximum number of days","sn_min_no_of_hours":"Minimum number of hours","sn_smoking_allowed":"Smoking allowed","sn_pets_allowed":"Pets allowed","sn_party_allowed":"Party allowed","sn_children_allowed":"Children allowed","sn_add_rules_info":"Additional rules information","sn_night_label":"night","sn_nights_label":"nights","sn_min_stay_is":"The minimum stay is","sn_max_stay_is":"The maximum stay is","sn_avail_label":"Available","sn_pending_label":"Pending","sn_booked_label":"Booked","sn_acc_guests_label":"Guests","sn_acc_guest_label":"Guest","sn_hosted_by":"Hosted by","sn_pr_lang":"Languages","sn_pr_profile_status":"Profile Status","sn_pr_verified":"Verified","sn_pr_h_rating":"Host rating","sn_pr_cont_host":"Contact the host","sn_view_profile":"View Profile","sn_text_no":"No","sn_text_yes":"Yes","sn_detail_heading":"Details","sn_prices_heading":"Prices","sn_accomodation_text":"Accomodation","sn_terms_rules":"Terms & rules","sn_video_heading":"Video","sn_virtual_tour_heading":"360\u00b0 Virtual Tour","sn_availability_label":"Availability","sn_features":"Features","sn_amenities":"Amenities","sn_facilities":"Facilities","sn_services_text":"Services","sn_similar_label":"Similar listings","sn_nearby_label":"Nearby","glc_bedrooms_label":"Bedrooms","glc_baths_label":"Baths","glc_guests_label":"Guests","experience_ad_text_yes":"Yes","experience_ad_text_no":"No","experience_ad_section_info":"Information","experience_ad_what_bring_item_type":"What Bring Item Type","experience_ad_title":"Title","experience_ad_title_plac":"Enter the title for experience","experience_describe_yourself":"Describe yourself and your qualifications","experience_language":"Choose Language","experience_language_plac":"Language Placeholder","experience_ad_des":"Description","experience_ad_no_of_guests":"Number of guest","experience_ad_no_of_guests_plac":"Enter number of guest","experience_ad_experience_type":"Experience Type","experience_ad_experience_type_plac":"Experience Type Placeholder","experience_ad_is_featured_label":"Make this listing as featured?","experience_ad_pricing_label":"Pricing","experience_ad_ins_booking_label":"Instant booking","experience_ad_ins_booking_des":"Allow instant booking for this experience.","experience_ad_nightly_label":"Price","experience_ad_nightly_plac":"Enter the price for one person","experience_ad_price_postfix_label":"After Price Label","experience_ad_price_postfix_plac":"Enter after price label. Eg: Price\/Person","experience_ad_add_costs_label":"Additional costs","experience_ad_allow_additional_guests":"Allow additional guests","experience_ad_addinal_guests_label":"Additional guests","experience_ad_addinal_guests_plac":"Enter the price for 1 additional guest","experience_ad_cleaning_fee":"Cleaning fee","experience_ad_cleaning_fee_plac":"Enter the price for cleaning fee","experience_ad_city_fee":"City fee","experience_ad_city_fee_plac":"Enter the price for city fee","experience_ad_security_deposit_label":"Security deposit","experience_ad_security_deposit_plac":"Enter price for security deposit","experience_ad_tax_rate_label":"Tax %","experience_ad_tax_rate_plac":"Enter tax percentage (only number)","experience_ad_features":"Features","experience_ad_amenities":"Amenities","experience_ad_facilities":"Facilities","experience_ad_section_media":"Media","experience_ad_drag_drop_img":"Drag and drop the images to customize the gallery order. Click on the star icon to set the featured image","experience_ad_image_size_text":"(Minimum size 1440 x 900 px)","experience_ad_upload_btn":"Select and upload","experience_ad_video_section":"Video","experience_ad_video_url":"Video URL","experience_ad_video_placeholder":"Enter the video link or URL. Supported formats: YouTube, Vimeo, SWF and MOV","experience_ad_location":"Location","experience_ad_address":"Address","experience_ad_address_placeholder":"Enter the address","experience_ad_aptSuit":"Apt, Suite (Optional)","experience_ad_aptSuit_placeholder":"Ex. #123","ad_experience_type":"Add Experience Type","experience_ad_country":"Country","experience_ad_country_placeholder":"Enter the Country","experience_ad_state":"State","experience_ad_state_placeholder":"Enter the State","experience_ad_city":"City","experience_ad_city_placeholder":"Enter the City","experience_ad_area":"Area","experience_ad_area_placeholder":"Enter the Area","experience_ad_zipcode":"Zip Code","experience_ad_zipcode_placeholder":"Enter your Zip Code","experience_ad_drag_pin":"Drag and drop the pin on map to find exact location","experience_ad_find_address":"Find the address on the map","experience_ad_lat":"Latitude","experience_ad_long":"Longitude","experience_ad_find_address_btn":"Find Address","experience_ad_what_provides_text":"What Provides","experience_ad_acc_what_provide_name":"What I will provide","experience_ad_acc_what_provide_name_plac":"Example: Cold Water","experience_what_bring_name":"What you will bring","experience_what_bring_name_plac":"Example: Yoga Mat","experience_ad_acc_what_provide_type":"What Provide type","experience_ad_acc_what_provide_type_plac":"Enter the item type","experience_ad_services_text":"Services","experience_ad_service_name":"Service name","experience_ad_service_name_plac":"Ex. Projection Screen","experience_ad_service_price":"Service Price","experience_ad_service_price_plac":"Enter the service price","experience_ad_service_des":"Service description","experience_ad_service_des_plac":"Enter the service description","experience_ad_btn_remove_service":"Remove this service","experience_ad_btn_add_service":"Add another service","experience_ad_terms_rules":"Terms","experience_ad_cancel_policy":"Cancellation Policy","experience_ad_cancel_policy_plac":"Enter your cancellation policy","experience_ad_check_in_after":"Check-in After","experience_ad_smoking_allowed":"Smoking allowed","experience_ad_pets_allowed":"Pets allowed","experience_ad_party_allowed":"Party allowed","experience_ad_children_allowed":"Children allowed","experience_ad_add_rules_info_optional":"Additional rules information (Optional)","experience_ad_section_openning":"Openning Hours","experience_ad_start_end":"Start - End","experience_sn_hours_label":"Hours","experience_sn_type_label":"Type","experience_sn_accom_label":"Accomodation","experience_sn_guests_label":"Guests","experience_sn_id_label":"ID","experience_sn_language_label":"Language","experience_sn_closed_label":"Closed","experience_sn_about_title":"About this experience","experience_sn_about_host_title":"About the host","experience_sn_accommodates_label":"Accommodates","experience_sn_opening_hours_label":"Opening Hours","experience_sn_mon_fri_label":"Mon - Fri","experience_sn_sat_label":"Sat","experience_sn_sun_label":"Sun","experience_sn_size_label":"Size","experience_sn_check_out_before":"Check-out Before","experience_sn_nightly_label":"Price","experience_sn_security_deposit_label":"Security deposit","experience_sn_tax_rate_label":"Tax %","experience_sn_addinal_guests_label":"Additional guests","experience_sn_allow_additional_guests":"Allow additional guests","experience_sn_cleaning_fee":"Cleaning fee","experience_sn_city_fee":"City fee","experience_sn_smoking_allowed":"Smoking allowed","experience_sn_pets_allowed":"Pets allowed","experience_sn_party_allowed":"Party allowed","experience_sn_children_allowed":"Children allowed","experience_sn_add_rules_info":"Additional rules information","experience_sn_night_label":"Person","experience_sn_nights_label":"Persons","experience_sn_min_stay_is":"Minimum Stay Is","experience_sn_max_stay_is":"The maximum stay is","experience_sn_avail_label":"Available","experience_sn_pending_label":"Pending","experience_sn_booked_label":"Booked","experience_sn_acc_guests_label":"Guests","experience_sn_acc_guest_label":"Guest","experience_sn_hosted_by":"Hosted by","experience_sn_pr_lang":"Languages","experience_sn_pr_profile_status":"Profile Status","experience_sn_pr_verified":"Verified","experience_sn_pr_h_rating":"Host rating","experience_sn_pr_cont_host":"Contact the host","experience_sn_view_profile":"View Profile","experience_sn_text_no":"No","experience_sn_text_yes":"Yes","experience_sn_detail_heading":"Details","experience_sn_prices_heading":"Prices","experience_sn_accomodation_text":"Accomodation","experience_sn_terms_rules":"Terms","experience_sn_video_heading":"Video","experience_sn_availability_label":"Availability","experience_sn_features":"Features","experience_sn_amenities":"Amenities","experience_sn_facilities":"Facilities","experience_sn_services_text":"Services","experience_sn_similar_label":"Similar listings","experience_sn_nearby_label":"Nearby","experience_glc_guests_label":"Guests","custom_logo":{"url":"https:\/\/demo13.gethomey.io\/wp-content\/uploads\/2019\/01\/homey-logo.png","id":"1827","height":"30","width":"128","thumbnail":"https:\/\/demo13.gethomey.io\/wp-content\/uploads\/2019\/01\/homey-logo.png"},"retina_logo":{"url":"https:\/\/demo13.gethomey.io\/wp-content\/uploads\/2019\/01\/homey-logo@2x.png","id":"1828","height":"60","width":"256","thumbnail":"https:\/\/demo13.gethomey.io\/wp-content\/uploads\/2019\/01\/homey-logo@2x-150x60.png"},"custom_logo_splash":{"url":"https:\/\/demo13.gethomey.io\/wp-content\/uploads\/2018\/10\/homey-logo-white.png","id":"1288","height":"30","width":"128","thumbnail":"https:\/\/demo13.gethomey.io\/wp-content\/uploads\/2018\/10\/homey-logo-white.png"},"retina_logo_splash":{"url":"https:\/\/demo13.gethomey.io\/wp-content\/uploads\/2018\/10\/homey-logo-white@2x.png","id":"1289","height":"60","width":"256","thumbnail":"https:\/\/demo13.gethomey.io\/wp-content\/uploads\/2018\/10\/homey-logo-white@2x-150x60.png"},"mobile_logo":{"url":"https:\/\/demo13.gethomey.io\/wp-content\/uploads\/2019\/01\/homey-logo.png","id":"1827","height":"30","width":"128","thumbnail":"https:\/\/demo13.gethomey.io\/wp-content\/uploads\/2019\/01\/homey-logo.png"},"mobile_retina_logo":{"url":"https:\/\/demo13.gethomey.io\/wp-content\/uploads\/2019\/01\/homey-logo@2x.png","id":"1828","height":"60","width":"256","thumbnail":"https:\/\/demo13.gethomey.io\/wp-content\/uploads\/2019\/01\/homey-logo@2x-150x60.png"},"custom_logo_mobile_splash":{"url":"https:\/\/demo13.gethomey.io\/wp-content\/uploads\/2018\/10\/homey-logo-white.png","id":"1288","height":"30","width":"128","thumbnail":"https:\/\/demo13.gethomey.io\/wp-content\/uploads\/2018\/10\/homey-logo-white.png"},"retina_logo_mobile_splash":{"url":"https:\/\/demo13.gethomey.io\/wp-content\/uploads\/2018\/10\/homey-logo-white@2x.png","id":"1289","height":"60","width":"256","thumbnail":"https:\/\/demo13.gethomey.io\/wp-content\/uploads\/2018\/10\/homey-logo-white@2x-150x60.png"},"logo_desktop_dimensions":{"width":"128px","height":"30px","units":"px"},"logo_mobile_dimensions":{"width":"128px","height":"30px","units":"px"},"favicon":{"url":"https:\/\/demo13.gethomey.io\/wp-content\/uploads\/2018\/10\/favicon.png","id":"1283","height":"16","width":"16","thumbnail":"https:\/\/demo13.gethomey.io\/wp-content\/uploads\/2018\/10\/favicon.png"},"iphone_icon":{"url":"https:\/\/demo13.gethomey.io\/wp-content\/uploads\/2018\/10\/iphone-icon.png","id":"1286","height":"57","width":"57","thumbnail":"https:\/\/demo13.gethomey.io\/wp-content\/uploads\/2018\/10\/iphone-icon.png"},"iphone_icon_retina":{"url":"https:\/\/demo13.gethomey.io\/wp-content\/uploads\/2018\/10\/iphone-retina-icon.png","id":"1287","height":"114","width":"114","thumbnail":"https:\/\/demo13.gethomey.io\/wp-content\/uploads\/2018\/10\/iphone-retina-icon.png"},"ipad_icon":{"url":"https:\/\/demo13.gethomey.io\/wp-content\/uploads\/2018\/10\/ipad-icon.png","id":"1284","height":"72","width":"72","thumbnail":"https:\/\/demo13.gethomey.io\/wp-content\/uploads\/2018\/10\/ipad-icon.png"},"ipad_icon_retina":{"url":"https:\/\/demo13.gethomey.io\/wp-content\/uploads\/2018\/10\/ipad-retina-icon.png","id":"1285","height":"144","width":"144","thumbnail":"https:\/\/demo13.gethomey.io\/wp-content\/uploads\/2018\/10\/ipad-retina-icon.png"},"header_type":"1","header_width":"container-fluid","header_menu_align":"text-right","become_host_btn":"1","become_host_link":"1530","become_host_label":"Become a Host","social-header":"0","hs-facebook":"#","hs-twitter":"#","hs-googleplus":"","hs-linkedin":"","hs-instagram":"","hs-pinterest":"","hs-yelp":"","hs-youtube":"","nav_login":"1","nav_register":"1","login_image":{"url":"https:\/\/demo13.gethomey.io\/wp-content\/uploads\/2018\/10\/01-3.jpg","id":"351","height":"960","width":"1440","thumbnail":"https:\/\/demo13.gethomey.io\/wp-content\/uploads\/2018\/10\/01-3-150x150.jpg"},"login_text":"Welcome back Please log in","register_image":{"url":"https:\/\/demo13.gethomey.io\/wp-content\/uploads\/2018\/10\/01-3.jpg","id":"351","height":"960","width":"1440","thumbnail":"https:\/\/demo13.gethomey.io\/wp-content\/uploads\/2018\/10\/01-3-150x150.jpg"},"register_text":"Create an account","enable_password":"yes","login_redirect":"same_page","login_redirect_link":"","login_terms_condition":"","facebook_login":"yes","facebook_api_key":"","facebook_secret":"","google_login":"yes","google_client_id":"","google_secret":"","show_roles":"1","host_role":"I want to host","renter_role":"I want to book","splash_layout":"container-fluid","backgroud_type":"image","splash_search":"1","splash_search_style":"horizontal","splash_page_nav":"1","splash_menu_align":"text-right","splash_image":{"url":"https:\/\/demo13.gethomey.io\/wp-content\/uploads\/2018\/10\/01-3.jpg","id":"351","height":"960","width":"1440","thumbnail":"https:\/\/demo13.gethomey.io\/wp-content\/uploads\/2018\/10\/01-3-150x150.jpg"},"splash_slider":"351,471,480","splash_bg_mp4":{"url":"https:\/\/demo13.gethomey.io\/wp-content\/uploads\/2018\/10\/79_c3lkYV92aWRfMDAyOTgy.mp4","id":"715","height":"720","width":"1280","thumbnail":""},"splash_bg_webm":{"url":"https:\/\/demo13.gethomey.io\/wp-content\/uploads\/2018\/10\/79_c3lkYV92aWRfMDAyOTgy.webm","id":"718","height":"720","width":"1280","thumbnail":""},"splash_bg_ogv":{"url":"https:\/\/demo13.gethomey.io\/wp-content\/uploads\/2018\/10\/79_c3lkYV92aWRfMDAyOTgy.ogv","id":"716","height":"720","width":"1280","thumbnail":""},"splash_video_image":{"url":"https:\/\/demo13.gethomey.io\/wp-content\/uploads\/2018\/10\/video-thumb.png","id":"717","height":"960","width":"1440","thumbnail":"https:\/\/demo13.gethomey.io\/wp-content\/uploads\/2018\/10\/video-thumb-150x150.png"},"splash_opacity":"0.35","splash_welcome_text":"Book and Experience Unique Places","splash_welcome_sub":"WordPress Theme For Rentals","top_bar":"0","top_bar_width":"container","top_bar_mobile":"0","top_bar_left":"none","top_bar_right":"none","top_bar_phone":"","top_bar_email":"","top_bar_slogan":"","tps-facebook":"","tps-twitter":"","tps-googleplus":"","tps-linkedin":"","tps-instagram":"","tps-pinterest":"","tps-yelp":"","tps-youtube":"","currency_converter":"0","default_currency":"","currency_symbol":"$","currency_position":"before","decimals":"2","decimal_point_separator":".","thousands_separator":",","currency_separator":"\/","reservation_payment":"full","no_login_needed_for_booking":"no","booking_percent":"50","num_0f_hours_to_remove_pending_resrv":"24","num_0f_hours_before_checkin_remove_resrv":"24","ins_page_title":"Enjoy and book with confidence.","ins_page_subtitle":"Leave the ability to add content in this page","ins_learnmore":"","enable_services_fee":"1","services_fee_type":"fixed","services_fee":"30","host_fee":"5","enable_taxes":"1","tax_type":"global_tax","taxes_percent":"20","booking_hide_fields":{"guests":"","children":""},"booking_detail_hide_fields":{"renter_information_on_detail":""},"exp_reservation_payment":"","no_login_needed_for_exp_booking":"no","exp_booking_percent":"","num_0f_hours_to_remove_pending_exp_resrv":"24","num_0f_hours_before_checkin_remove_exp_resrv":"24","ins_exp_page_title":"Enjoy and book with confidence.","ins_exp_page_subtitle":"Leave the ability to add content in this page","ins_exp_learnmore":"","enable_exp_services_fee":"0","services_exp_fee_type":"fixed","exp_services_fee":"","enable_wallet":"1","minimum_payout_amount":"100","payout_pending_label":"Pending","payout_completed_label":"Completed","payout_inprogress_label":"In Progress","payout_cancel_label":"Cancelled","enable_search":"1","search_for_list_exp":"search_for_listings","search_width":"container-fluid","search_position":"under_nav","search_pages":"specific_pages","search_selected_pages":["550","552","554","750","748","544","546","548","538","540","542","1237","1235","738","736","1366","1474","744","742","1811","1788"],"min_price":"10,20,30,40,50,60,70,80,90,100,110,120,130,140,150,160","max_price":"50,100,125,150,160,200,250,300,400,500,600,700,800,900,1000,1200","search_visible_fields":{"enabled":{"placebo":"placebo","location":"Location","arrive_depart":"Arrive & Depart","guests":"Guest"},"disabled":{"placebo":"placebo","listing_type":"Listing Type"}},"hourly_search_visible_fields":{"enabled":{"placebo":"placebo","location":"Location","arrive":"Arrive","start_end_hours":"Start & End","guests":"Guest"},"disabled":{"placebo":"placebo","listing_type":"Listing Type"}},"location_field":"geo_location","enable_radius":"0","show_radius":"1","default_radius":"30","radius_unit":"km","advanced_filter":"1","search_hide_fields":{"bedrooms":"","rooms":"","room_type":"","search_price":"","search_amenities":"","search_facilities":"","adults":"","children":"","pets":""},"beds_baths_rooms_search":"equal","search_result_page":"normal_page","search_posts_layout":"grid","search_default_order":"featured_top","search_num_posts":"12","enable_search_exp":"1","search_width_exp":"container","search_position_exp":"under_nav","search_pages_exp":"only_home","min_price_exp":"10,20,30,40,50,60,70,80,90,100,110,120,130,140,150,160","max_price_exp":"50,100,125,150,160,200,250,300,400,500,600,700,800,900,1000,1200","search_visible_fields_exp":{"enabled":{"placebo":"placebo","location":"Location","arrive_depart":"Date","guests":"Guest"},"disabled":{"placebo":"placebo","experience_type":"Experience Type"}},"location_field_exp":"city","enable_radius_exp":"0","show_radius_exp":"1","default_radius_exp":"30","radius_unit_exp":"km","advanced_filter_exp":"1","search_hide_fields_exp":{"search_price":"","search_amenities":"","search_facilities":"","persons":""},"search_result_page_exp":"normal_page","search_posts_layout_exp":"list","search_default_order_exp":"d_date","search_num_posts_exp":"9","form_type":"custom_form","single_listing_host_contact":"","host_profile_contact":"","homey_payment_gateways":"homey_custom_gw","payment_currency":"USD","make_featured":"1","price_featured_listing":"12","featured_listing_expire":"-1","experience_make_featured":"0","price_featured_experience":"0","featured_experience_expire":"30","exp_payment_terms_condition":"","exp_payment_privacy_policy":"","payment_terms_condition":"","payment_privacy_policy":"","enable_paypal":"1","paypal_api":"sandbox","paypal_client_id":"Aa3aJkOUK4JOqA_CrsEQdHKB7O0B_NsvqLm3e9RgCAuOskt2C5jR5AHYprfmPidy6bCp8fC0w6BpcOHk","paypal_client_secret_key":"EBWTExbDWhP5yPvD54SLiGkS8pAr-E137xV5p9Io4fO0Zz8RpOG0JAQEo6L3c_0Y8B7deIQB7H3oIVb5","paypal_receiving_email":"waqas@favethemes.com","enable_stripe":"1","stripe_api":"sandbox","stripe_secret_key":"sk_test_8BgkGzD54UFinzzL0nEEsxA3","stripe_publishable_key":"pk_test_c09jxI4MmzfKLFY4oqCnwUum","stripe_webhook_secret":"","stripe_exp_webhook_secret":"","off-site-payment":"0","offsite-payment-instruction":"Please make payment using giving method and click on mark as paid button.","typo-body":{"font-family":"Plus Jakarta Sans","font-options":"","google":"1","font-weight":"400","font-style":"","subsets":"","text-transform":"none","font-size":"15px","line-height":"25px"},"typo-menu":{"font-family":"Plus Jakarta Sans","font-options":"","google":"1","font-weight":"700","font-style":"","subsets":"","text-transform":"none","font-size":"14px","line-height":"80px"},"typo-headings":{"font-family":"Plus Jakarta Sans","font-options":"","google":"1","font-weight":"600","font-style":"italic","subsets":"","text-align":"inherit","text-transform":"inherit"},"body_bg_color":"#f7f8f9","text_color":"#3b4249","primary_color":"#f15e75","primary_color_hover":"#f58d9d","secondary_color":"#54c4d9","secondary_color_hover":"#7ed2e2","primary_btn_bg_color":{"regular":"#f15e75","hover":"#f58d9d","active":"#f58d9d"},"primary_btn_border_color":{"regular":"#f15e75","hover":"#f58d9d","active":"#f58d9d"},"primary_btn_color":{"regular":"#ffffff","hover":"#ffffff","active":"#ffffff"},"secondary_btn_bg_color":{"regular":"#54c4d9","hover":"#7ed2e2","active":"#7ed2e2"},"secondary_btn_border_color":{"regular":"#54c4d9","hover":"#7ed2e2","active":"#7ed2e2"},"secondary_btn_color":{"regular":"#ffffff","hover":"#ffffff","active":"#ffffff"},"header_bg":"#ffffff","header_border":{"border-top":"0px","border-right":"0px","border-bottom":"1px","border-left":"0px","border-style":"solid","border-color":"#d8dce1"},"mainmenu_color":"#4f5962","mainmenu_color_hover":"#f15e75","mainmenu_dropdown_color":"#4f5962","mainmenu_dropdown_color_hover":"#f15e75","mainmenu_dropdown_bg_color":"#ffffff","mainmenu_dropdown_border":{"border-top":"0px","border-right":"0px","border-bottom":"1px","border-left":"0px","border-style":"solid","border-color":"#f7f7f7"},"mainmenu_trigger_color":"#4f5962","login_regis_color":"#4f5962","login_regis_color_hover":"#f15e75","user_menu_color":"#4f5962","user_menu_color_hover":"#4f5962","user_menu_color_bg_hover":"#54c4d9","user_menu_bg_color":"#ffffff","become_host_color":"#ffffff","become_host_color_hover":"#ffffff","become_host_bg_color":"#f15e75","become_host_bg_color_hover":"#f58d9d","become_host_border_color":"#f15e75","become_host_border_color_hover":"#f58d9d","header_top_bg":"#ffffff","header_top_border":{"border-top":"0px","border-right":"0px","border-bottom":"1px","border-left":"0px","border-style":"solid","border-color":"#d8dce1"},"header_top_social_color":"#4f5962","trans_menu_color":"#ffffff","trans_menu_color_hover":"#ffffff","search_bg":"#ffffff","top_bar_bg":"#4f5962","top_bar_color":"#ffffff","top_bar_color_hover":{"color":"#ffffff","alpha":".80","rgba":"rgba(255,255,255,0.8)"},"featured_label_bg_color":"#54c4d9","featured_label_color":"#ffffff","footer_bg_color":"#ffffff","footer_bottom_bg_color":"#ffffff","footer_color":"#000000","footer_hover_color":"#54c4d9","listings_admin_approved":"1","edit_listings_admin_approved":"1","listing_form_sections":{"enabled":{"placebo":"placebo","information":"Information","pricing":"Pricing","media":"Media","features":"Features","location":"Location","bedrooms":"Bedrooms","term_rules":"Terms & Rules"},"disabled":{"placebo":"placebo","services":"Services","virtual_tour":"Virtual Tour"}},"upload_image_min_dimensions":"1440x900","add_location_lat":"25.761681","add_location_long":"-80.191788","openning_hours_list":"8:00 AM, 8:30 AM, 9:00 AM, 9:30 AM, 10:00 AM, 10:30 AM, 11:00 AM, 11:30 AM, 12:00 PM, 12:30 PM, 1:00 PM, 1:30 PM, 2:00 PM, 2:30 PM, 3:00 PM, 3:30 PM, 4:00 PM, 4:30 PM, 5:00 PM, 5:30 PM, 6:00 PM, 6:30 PM, 7:00 PM, 7:30 PM, 8:00 PM, 8:30 PM, 9:00 PM","checkin_after_before":"8:00 AM, 8:30 AM, 9:00 AM, 9:30 AM, 10:00 AM, 10:30 AM, 11:00 AM, 11:30 AM, 12:00 PM, 12:30 PM, 1:00 PM, 1:30 PM, 2:00 PM, 2:30 PM, 3:00 PM, 3:30 PM, 4:00 PM, 4:30 PM, 5:00 PM, 5:30 PM, 6:00 PM, 6:30 PM, 7:00 PM, 7:30 PM, 8:00 PM, 8:30 PM, 9:00 PM","add_hide_fields":{"room_type":"","listing_title":"","description":"","listing_bedrooms":"","guests":"","beds":"","baths":"","listing_rooms":"","listing_type":"","listing_size":"","listing_size_unit":"","affiliate_booking_link":"","instant_booking":"","night_price":"","price_postfix":"","weekends_price":"","weekends_days":"","priceWeek":"","priceMonthly":"","allow_additional_guests":"","cleaning_fee":"","city_fee":"","security_deposit":"","tax_rate":"","amenities":"","facilities":"","listing_address":"","aptSuit":"","country":"","state":"","city":"","area":"","zipcode":"","video_url":"1","cancel_policy":"","min_book_days":"","max_book_days":"","min_book_weeks":"","max_book_weeks":"","min_book_months":"","max_book_months":"","checkin_after":"","checkout_before":"","smoking_allowed":"","pets_allowed":"","party_allowed":"","children_allowed":"","additional_rules":"","section_openning":"1","section_custom_pricing":"","custom_weekend_price":"","extra_prices":""},"add_listing_required_fields":{"room_type":"","listing_title":"1","listing_bedrooms":"","guests":"","beds":"","baths":"","listing_rooms":"","listing_type":"","listing_size":"","listing_size_unit":"","night_price":"1","weekends_price":"","weekends_days":"","priceWeek":"","priceMonthly":"","listing_address":"1","aptSuit":"","country":"","state":"","city":"","area":"","zip":"","cancellation_policy":"","min_book_days":"","max_book_days":"","min_book_weeks":"","max_book_weeks":"","min_book_months":"","max_book_months":"","checkin_after":"","checkout_before":"","start_hour":"","end_hour":""},"update_cal_title":"Update Calendar","update_cal_des":"Lorem ipsum dolor sit amet, consectetur adipiscing elit. Ut vehicula eget turpis laoreet pulvinar","custom_prices_title":"Setup Custom Prices","custom_prices_des":"Set up custom prices for selected periods.","update_featured_title":"Upgrade to featured","update_featured_des":"Lorem ipsum dolor sit amet, consectetur adipiscing elit. Ut vehicula eget turpis laoreet pulvinar","detail_layout":"v4","listing-detail-nav":"1","what_to_show":"booking_form","print_button":"1","detail_favorite":"1","detail_share":"1","detail_contact_form":"1","listing_blocks":{"enabled":{"placebo":"placebo","about":"About","details":"Details","gallery":"Gallery","prices":"Prices","custom-periods":"Custom Periods","accomodation":"Accomodation","features":"Features","map":"Map","nearby":"Yelp Near By Places","rules":"Rules","video":"Video","availability":"Availability","host":"Host","reviews":"Reviews & Ratings","similar-listing":"Similar Listing"},"disabled":{"placebo":"placebo","about_commercial":"About(commercial)","services":"Services","virtual_tour":"Virtual Tour"}},"show_hide_labels":{"sn_type_label":"","sn_accom_label":"","sn_bedrooms_label":"","sn_bathrooms_label":"","sn_rooms_label":"","sn_about_listing_title":"","sn_accommodates_label":"","sn_opening_hours_label":"","sn_size_label":"","sn_beds_label":"","sn_guests_label":"","sn_id_label":"","sn_check_in_after":"","sn_check_out_before":"","sn_nightly_label":"","sn_hourly_label":"","sn_weekends_label":"","sn_weekly7d_label":"","sn_monthly30d_label":"","sn_security_deposit_label":"","sn_tax_rate_label":"","sn_addinal_guests_label":"","sn_allow_additional_guests":"","sn_cleaning_fee":"","sn_city_fee":"","sn_min_no_of_days":"","sn_max_no_of_days":"","sn_min_no_of_hours":"","sn_smoking_allowed":"","sn_pets_allowed":"","sn_party_allowed":"","sn_children_allowed":"","sn_add_rules_info":"","sn_min_stay_is":"","sn_max_stay_is":""},"homey_yelp_api_key":"","homey_yelp_term":["arts","food","health","nightlife"],"homey_yelp_limit":"3","homey_yelp_dist_unit":"miles","num_of_review":"5","similer_listings_layout":"list","similer_listings_count":"4","detail_icon_type":"","de_type_icon":"fa fa-home","de_acco_icon":"fa fa-user","de_acco_sec_icon":"fa fa-bed","de_bedroom_icon":"fa fa-bed","de_bathroom_icon":"fa fa-shower","de_cus_type_icon":{"url":"","id":"","height":"","width":"","thumbnail":""},"de_cus_acco_icon":{"url":"","id":"","height":"","width":"","thumbnail":""},"de_cus_acco_sec_icon":{"url":"","id":"","height":"","width":"","thumbnail":""},"de_cus_bedroom_icon":{"url":"","id":"","height":"","width":"","thumbnail":""},"de_cus_bathroom_icon":{"url":"","id":"","height":"","width":"","thumbnail":""},"print_page_logo":{"url":"http:\/\/demo13.gethomey.io\/wp-content\/themes\/homey\/images\/logo.png","id":"","height":"","width":"","thumbnail":""},"print_tagline":"1","print_rating":"1","print_qr_code":"1","print_host":"1","print_description":"1","print_details":"1","print_pricing":"1","print_accomodation":"1","print_features":"1","print_rules":"1","print_availability":"1","print_gallery":"0","listing_address_composer":{"enabled":{"placebo":"placebo","address":"Address"},"disabled":{"placebo":"placebo","country":"Country","state":"State","city":"City","area":"Area","streat-address":"Street Address"}},"pagination_type":"loadmore","sticky_map_layout":"list","halfmap_posts_layout":"grid","cgl_meta":"1","cgl_beds":"1","cgl_baths":"1","cgl_guests":"1","cgl_types":"1","enable_host":"1","rating":"1","compare_favorite":"1","lgc_icons_type":"homey-default","lgc_bedroom_icon":"fa fa-bed","lgc_bathroom_icon":"fa fa-shower","lgc_guests_icon":"fa fa-user","lgc_bedroom_fa_icon":"fas fa-hotel","lgc_bathroom_fa_icon":"fas fa-bath","lgc_guests_fa_icon":"fas fa-user-alt","lgc_bedroom_custom_icon":{"url":"","id":"","height":"","width":"","thumbnail":""},"lgc_bathroom_custom_icon":{"url":"","id":"","height":"","width":"","thumbnail":""},"lgc_guests_custom_icon":{"url":"","id":"","height":"","width":"","thumbnail":""},"taxonomy_layout":"right-sidebar","taxonomy_posts_layout":"grid","taxonomy_default_order":"featured_top","taxonomy_num_posts":"10","taxonomy_exp_layout":"left-sidebar","taxonomy_exp_posts_layout":"list","taxonomy_exp_default_order":"d_date","taxonomy_exp_num_posts":"9","experiences_admin_approved":"1","edit_experiences_admin_approved":"0","experience_form_sections":{"enabled":{"placebo":"placebo","information":"Information","pricing":"Pricing","media":"Media","location":"Location","price_terms":"Terms","time":"Open\/Close Time","features":"Features","what_provided":"What will be provided"},"disabled":{"placebo":"placebo"}},"experience_upload_image_min_dimensions":"1440x900","experience_add_location_lat":"25.761681","experience_add_location_long":"-80.191788","experience_openning_hours_list":"8:00 AM, 8:30 AM, 9:00 AM, 9:30 AM, 10:00 AM, 10:30 AM, 11:00 AM, 11:30 AM, 12:00 PM, 12:30 PM, 1:00 PM, 1:30 PM, 2:00 PM, 2:30 PM, 3:00 PM, 3:30 PM, 4:00 PM, 4:30 PM, 5:00 PM, 5:30 PM, 6:00 PM, 6:30 PM, 7:00 PM, 7:30 PM, 8:00 PM, 8:30 PM, 9:00 PM","experience_add_hide_fields":{"experience_language":"","experience_title":"","experience_describe_yourself":"","experience_description":"","experience_guests":"","experience_type":"","experience_instant_booking":"","experience_night_price":"","experience_price_postfix":"","experience_allow_additional_guests":"","experience_address":"","experience_aptSuit":"","experience_country":"","experience_state":"","experience_city":"","experience_area":"","experience_zipcode":"","experience_cancel_policy":"","experience_smoking_allowed":"","experience_pets_allowed":"","experience_party_allowed":"","experience_children_allowed":"","experience_additional_rules":"","experience_section_openning":"1","experience_facilities":"","experience_amenities":"","experience_video_url":""},"add_experience_required_fields":{"experience_language":"","experience_title":"1","experience_describe_yourself":"","experience_guests":"","experience_type":"","experience_size":"","experience_night_price":"1","experience_address":"1","experience_aptSuit":"","experience_country":"","experience_state":"","experience_city":"","experience_area":"","experience_zip":"","experience_cancellation_policy":"","experience_start_hour":"","experience_end_hour":""},"experience_update_cal_title":"Update Calendar","experience_update_cal_des":"Lorem ipsum dolor sit amet, consectetur adipiscing elit. Ut vehicula eget turpis laoreet pulvinar","experience_update_featured_title":"Upgrade to featured","experience_update_featured_des":"Lorem ipsum dolor sit amet, consectetur adipiscing elit. Ut vehicula eget turpis laoreet pulvinar","experience_detail_layout":"v1","experience-detail-nav":"0","experience_what_to_show":"booking_form","experience_print_button":"1","experience_detail_favorite":"1","experience_detail_share":"1","experience_detail_contact_form":"1","experience_blocks":{"enabled":{"placebo":"placebo","providing":"Providing","about":"About Experience","about_host":"About The Host","gallery":"Gallery","map":"Map","nearby":"Yelp Near By Places","rules":"Rules","availability":"Availability","host":"Host","reviews":"Reviews & Ratings","similar-experience":"Similar Experience"},"disabled":{"placebo":"placebo","video":"Video"}},"experience_show_hide_labels":{"experience_sn_language_label":"","experience_sn_type_label":"","experience_sn_about_title":"","experience_sn_about_host_title":"","experience_sn_opening_hours_label":"","experience_sn_guests_label":"","experience_sn_id_label":"","experience_sn_check_in_after":"","experience_sn_nightly_label":"","experience_sn_smoking_allowed":"","experience_sn_pets_allowed":"","experience_sn_party_allowed":"","experience_sn_children_allowed":"","experience_sn_additional_rules":"","experience_sn_add_rules_info":"","experience_sn_video_url":""},"homey_experience_yelp_api_key":"","homey_experience_yelp_term":["education","food","health","realestate"],"homey_experience_yelp_limit":"3","homey_experience_yelp_dist_unit":"miles","experience_num_of_review":"5","similer_experiences_layout":"list","similer_experiences_count":"4","experience_print_page_logo":{"url":"https:\/\/demo13.gethomey.io\/wp-content\/themes\/homey\/images\/logo.png","id":"","height":"","width":"","thumbnail":""},"experience_print_tagline":"1","experience_print_rating":"1","experience_print_qr_code":"1","experience_print_host":"1","experience_print_description":"1","experience_print_details":"1","experience_print_rules":"1","experience_print_availability":"1","experience_print_gallery":"0","experience_address_composer":{"enabled":{"placebo":"placebo","address":"Address"},"disabled":{"placebo":"placebo","country":"Country","state":"State","city":"City","area":"Area","streat-address":"Street Address"}},"experience_pagination_type":"number","experience_sticky_map_layout":"list","experience_halfmap_posts_layout":"list","experience_cgl_meta":"1","experience_cgl_language":"1","experience_cgl_guests":"1","experience_cgl_types":"1","experience_enable_host":"1","experience_rating":"1","experience_compare_favorite":"1","homey_map_system":"google","map_api_key":"","mapbox_api_key":"","googlemap_ssl":"yes","geo_country_limit":"0","geocomplete_country":"","markerPricePins":"yes","default_lat":"25.686540","default_lng":"-80.431345","pin_cluster_enable":"yes","pin_cluster":{"url":"https:\/\/demo13.gethomey.io\/wp-content\/uploads\/2018\/11\/cluster-3.png","id":"1491","height":"47","width":"47","thumbnail":"https:\/\/demo13.gethomey.io\/wp-content\/uploads\/2018\/11\/cluster-3.png"},"pin_cluster_zoom":"12","set_initial_zoom":"7","detail_map_pin_type":"marker","singlemap_zoom_level":"14","googlemap_stype":"[\r\n    {\r\n        \"featureType\": \"administrative\",\r\n        \"elementType\": \"labels.text.fill\",\r\n        \"stylers\": [\r\n            {\r\n                \"color\": \"#6e6e6e\"\r\n            }\r\n        ]\r\n    },\r\n    {\r\n        \"featureType\": \"administrative.country\",\r\n        \"elementType\": \"all\",\r\n        \"stylers\": [\r\n            {\r\n                \"visibility\": \"off\"\r\n            }\r\n        ]\r\n    },\r\n    {\r\n        \"featureType\": \"administrative.province\",\r\n        \"elementType\": \"all\",\r\n        \"stylers\": [\r\n            {\r\n                \"visibility\": \"off\"\r\n            }\r\n        ]\r\n    },\r\n    {\r\n        \"featureType\": \"administrative.province\",\r\n        \"elementType\": \"geometry.stroke\",\r\n        \"stylers\": [\r\n            {\r\n                \"visibility\": \"off\"\r\n            }\r\n        ]\r\n    },\r\n    {\r\n        \"featureType\": \"administrative.locality\",\r\n        \"elementType\": \"all\",\r\n        \"stylers\": [\r\n            {\r\n                \"visibility\": \"simplified\"\r\n            }\r\n        ]\r\n    },\r\n    {\r\n        \"featureType\": \"administrative.neighborhood\",\r\n        \"elementType\": \"all\",\r\n        \"stylers\": [\r\n            {\r\n                \"visibility\": \"off\"\r\n            }\r\n        ]\r\n    },\r\n    {\r\n        \"featureType\": \"landscape\",\r\n        \"elementType\": \"all\",\r\n        \"stylers\": [\r\n            {\r\n                \"color\": \"#f4f4f4\"\r\n            }\r\n        ]\r\n    },\r\n    {\r\n        \"featureType\": \"poi\",\r\n        \"elementType\": \"all\",\r\n        \"stylers\": [\r\n            {\r\n                \"visibility\": \"off\"\r\n            }\r\n        ]\r\n    },\r\n    {\r\n        \"featureType\": \"poi.park\",\r\n        \"elementType\": \"all\",\r\n        \"stylers\": [\r\n            {\r\n                \"visibility\": \"simplified\"\r\n            },\r\n            {\r\n                \"color\": \"#d2ef9d\"\r\n            }\r\n        ]\r\n    },\r\n    {\r\n        \"featureType\": \"road\",\r\n        \"elementType\": \"all\",\r\n        \"stylers\": [\r\n            {\r\n                \"saturation\": -100\r\n            },\r\n            {\r\n                \"lightness\": 45\r\n            }\r\n        ]\r\n    },\r\n    {\r\n        \"featureType\": \"road.highway\",\r\n        \"elementType\": \"all\",\r\n        \"stylers\": [\r\n            {\r\n                \"visibility\": \"simplified\"\r\n            }\r\n        ]\r\n    },\r\n    {\r\n        \"featureType\": \"road.arterial\",\r\n        \"elementType\": \"labels.icon\",\r\n        \"stylers\": [\r\n            {\r\n                \"visibility\": \"off\"\r\n            }\r\n        ]\r\n    },\r\n    {\r\n        \"featureType\": \"transit\",\r\n        \"elementType\": \"all\",\r\n        \"stylers\": [\r\n            {\r\n                \"visibility\": \"off\"\r\n            }\r\n        ]\r\n    },\r\n    {\r\n        \"featureType\": \"water\",\r\n        \"elementType\": \"all\",\r\n        \"stylers\": [\r\n            {\r\n                \"color\": \"#94dfed\"\r\n            },\r\n            {\r\n                \"visibility\": \"on\"\r\n            }\r\n        ]\r\n    }\r\n]","enable_reCaptcha":"0","recaptha_site_key":"","recaptha_secret_key":"","invoice_logo":{"url":"http:\/\/demo13.gethomey.io\/wp-content\/themes\/homey\/images\/logo.png","id":"","height":"","width":"","thumbnail":""},"invoice_company_name":"Homey LLC","invoice_address":"2983 Halton Road, Suite #320<br\/>\r\nMiami Beach<br\/>\r\nFlorida<br\/>\r\n33139<br\/>","invoice_additional_info":"The lorem ipsum text is typically a scrambled section of De finibus bonorum et malorum, a 1st-century BC Latin text by Cicero, with words altered, added, and removed to make it nonsensical, improper Latin.[citation needed]","enable_html_emails":"1","enable_email_header":"1","email_head_logo":{"url":"http:\/\/demo13.gethomey.io\/wp-content\/themes\/homey\/images\/logo.png","id":"","height":"","width":"","thumbnail":""},"email_head_bg_color":"#00AEEF","enable_email_footer":"1","email_foot_bg_color":"#FFFFFF","email_footer_content":"<p style=\"margin: 0 0 10px;\">Copyright \u00a9 2018 Favethemes, All rights reserved.<\/p>\r\n<p style=\"margin: 0 0 10px;\">Please do not reply to this email. You are receiving this email because you are subscribed to <a style=\"color: #00aeef; text-decoration: none;\" href=\"http:\/\/homey.co\">homey.co<\/a><\/p>\r\n<p style=\"margin: 0 0 10px;\">Our mailing address is:<\/p>\r\n<p style=\"margin: 0 0 10px;\">Favethemes\r\n1680 Michigan Ave\r\nMiami Beach, FL 33139-2538<\/p>","no_reply_email_address":"","social_1_icon":{"url":"","id":"","height":"","width":"","thumbnail":""},"social_1_link":"","social_2_icon":{"url":"","id":"","height":"","width":"","thumbnail":""},"social_2_link":"","social_3_icon":{"url":"","id":"","height":"","width":"","thumbnail":""},"social_3_link":"","social_4_icon":{"url":"","id":"","height":"","width":"","thumbnail":""},"social_4_link":"","homey_subject_new_user_register":"Your username and password on {site_title}","homey_new_user_register":"<p>Congratulations! Your account has been registered at {site_title} <br \/>Your username : {user_login}<br \/>Your password : {user_password}<br \/>You can manage your account <a href=\"{profile_url}\">here<\/a><br \/><br \/>Thank you for choosing Homey!<br \/>Homey Team.<\/p>","homey_subject_admin_new_user_register":"New User Registration on {site_title}","homey_admin_new_user_register":"<p>New user registration on {site_title}.<br \/>Username: {user_login},<br \/>E-mail: {user_email}<\/p>","homey_subject_new_reservation":"New Reservation Request at {site_title}","homey_new_reservation":"<p>Horay! You received a new reservation on {site_title} <br \/>Confirm Availability <a href=\"{reservation_detail_url}\">Confirm<\/a><br \/><br \/>Thank you for choosing Homey!<br \/>Homey Team.<\/p>","homey_subject_new_reservation_sent":"Your Reservation Request Sent to {site_title}","homey_new_reservation_sent":"<p><strong>Thank You!<\/strong> Your reservation is sent to {site_title}.<\/p>\r\n<p><strong>Your Message:<\/strong> {guest_message}\u00a0<a href=\"{message_link}\">click to send another message<\/a><br \/><br \/>for details <a href=\"{reservation_detail_url}\">Click here<\/a><br \/><br \/>Thank you for choosing Homey!<br \/>Homey Team.<\/p>","homey_subject_confirm_reservation":"Reservation Confirmed on {site_title}","homey_confirm_reservation":"<p>So far so good! Host confirmed availability for your reservation.<br \/>Complete the payment due <a href=\"{reservation_detail_url}\">Pay Now<\/a><br \/><br \/>Thank you for choosing Homey!<br \/>Homey Team.<\/p>","homey_subject_booked_reservation":"Reservation Booked on {site_title}","homey_booked_reservation":"<p>Well done! Payment received the reservation has been booked.<br \/>View detail by clicking <a href=\"{reservation_detail_url}\">here<\/a><br \/><br \/>Thank you for choosing Homey!<br \/>Homey Team.<\/p>","homey_subject_admin_booked_reservation":"Reservation Booked on {site_title}","homey_admin_booked_reservation":"<p>Congratulations! The reservation has been booked.<br \/>View detail by clicking <a href=\"{reservation_detail_url}\">here<\/a><br \/><br \/>Thank you for choosing Homey!<br \/>Homey Team.<\/p>","homey_subject_declined_reservation":"Reservation Declined on {site_title}","homey_declined_reservation":"<p>Your reservation has been declined by the host<br \/>View detail by clicking <a href=\"{reservation_detail_url}\">here<\/a><br \/><br \/>Thank you for choosing Homey!<br \/>Homey Team.<\/p>","homey_subject_cancelled_reservation":"Reservation Cancelled on {site_title}","homey_cancelled_reservation":"<p>The reservation has been cancelled<br \/>View detail by clicking <a href=\"{reservation_detail_url}\">here<\/a><br \/><br \/>Thank you for choosing Homey!<br \/>Homey Team.<\/p>","homey_subject_guest_sent_payment_reservation":"Reservation Payment {site_title}","homey_guest_sent_payment_reservation":"<p>Guest made reservation payment, verify it and mark reservation as booked<br \/>View detail by clicking <a href=\"{reservation_detail_url}\">here<\/a><br \/><br \/>Thank you for choosing Homey!<br \/>Homey Team.<\/p>","homey_subject_new_submission_listing":"New Listing on {site_url}","homey_new_submission_listing":"<p>Hi there, You have a new submission of listing on {site_url}! Listing Title: {listing_title} Listing ID: {listing_id} Listing Status: {post_status_user}<\/p>","homey_subject_admin_new_submission_listing":"New submission listing on {site_url}","homey_admin_new_submission_listing":"<p>Hi there, You have a new submission of listing on {site_url}! Listing Title: {listing_title} Listing ID: {listing_id} Listing Status: {post_status_admin}<\/p>","homey_subject_update_submission_listing":"Update Listing on {site_url}","homey_update_submission_listing":"<p>Hi there, You have a update submission of listing on {site_url}! Listing Title: {listing_title} Listing ID: {listing_id} Listing Status: {post_status_user}<\/p>","homey_subject_admin_update_submission_listing":"Update submission listing on {site_url}","homey_admin_update_submission_listing":"<p>Hi there, You have a updated submission of listing on {site_url}! Listing Title: {listing_title} Listing ID: {listing_id} Listing Status: {post_status_admin}<\/p>","homey_subject_listing_approved":"Listing Approved on {site_url}","homey_listing_approved":"<p>Hi there, Your listing is approved by the admin on {site_url}! Listing Title: {listing_title} Listing ID: {listing_id} Listing Status: {post_status_user}<\/p>","homey_subject_new_submission_experience":"New Experience on {site_url}","homey_new_submission_experience":"<p>Hi there, You have a new submission of experience on {site_url}! Experience Title: {experience_title} Experience ID: {experience_id} Experience Status: {post_status_user}<\/p>","homey_subject_admin_new_submission_experience":"New submission experience on {site_url}","homey_admin_new_submission_experience":"<p>Hi there, You have a new submission of experience on {site_url}! Experience Title: {experience_title} Experience ID: {experience_id} Experience Status: {post_status_admin}<\/p>","homey_subject_update_submission_experience":"Update Experience on {site_url}","homey_update_submission_experience":"<p>Hi there, You have a update submission of experience on {site_url}! Experience Title: {experience_title} Experience ID: {experience_id} Experience Status: {post_status_user}<\/p>","homey_subject_admin_update_submission_experience":"Update submission experience on {site_url}","homey_admin_update_submission_experience":"<p>Hi there, You have a updated submission of experience on {site_url}! Experience Title: {experience_title} Experience ID: {experience_id} Experience Status: {post_status_admin}<\/p>","homey_subject_experience_approved":"Experience Approved on {site_url}","homey_experience_approved":"<p>Hi there, Your experience is approved by the admin on {site_url}! Experience Title: {experience_title} Experience ID: {experience_id} Experience Status: {post_status_user}<\/p>","homey_subject_featured_submission_listing":"New featured upgrade on {site_url}","homey_featured_submission_listing":"<p>Hi there, You have a new featured submission on {site_url}! Listing Title: {listing_title} Listing ID: {listing_id} The invoice number is: {invoice_no}<\/p>","homey_subject_admin_featured_submission_listing":"New featured submission on {site_url}","homey_admin_featured_submission_listing":"<p>Hi there, You have a new featured submission on {site_url}! Listing Title: {listing_title} Listing ID: {listing_id} The invoice number is: {invoice_no}<\/p>","homey_subject_featured_submission_experience":"New featured upgrade on {site_url}","homey_featured_submission_experience":"<p>Hi there, You have a new featured submission on {site_url}! Experience Title: {experience_title} Experience ID: {experience_id} The invoice number is: {invoice_no}<\/p>","homey_subject_admin_featured_submission_experience":"New featured submission on {site_url}","homey_admin_featured_submission_experience":"<p>Hi there, You have a new featured submission on {site_url}! Experience Title: {experience_title} Experience ID: {experience_id} The invoice number is: {invoice_no}<\/p>","homey_subject_admin_id_verification":"New ID Verification Request on {site_url}","homey_admin_id_verification":"<p>Hi there,<br \/>You have a new id verification request on {site_url}!<br \/>Username: {username}<br \/>Email: {email}<br \/>Follow this link to verify: {verify_link}<\/p>","homey_subject_admin_id_verified":"Your document has been verified for the platform Homey","homey_admin_id_verified":"<p>Hi there,<br \/>Congratulations, your document has been verified for the platform. {site_url}!<br \/>Username: {username}<br \/>Email: {email}<br \/>Thank You For Verification.<\/p>","homey_subject_admin_id_not_verified":"Your document has been rejected for the platform Homey","homey_admin_id_not_verified":"<p>Hi there,<br \/>Important, your document has been rejected for the platform. {site_url}!<br \/>Username: {username}<br \/>Email: {email}<br \/>Thank You For Verification.<\/p>","homey_subject_admin_payout_request":"New Payout Request on {site_url}","homey_admin_payout_request":"<p>Hi,<\/p>\r\n<p>You have a new payout request on {site_url}!<\/p>\r\n<p>Amount: {payout_amount}<\/p>\r\n<p>Follow this link for details: <a href=\"{payout_link}\">{payout_link}<\/a><\/p>","homey_subject_payout_request":"Payout Request on {site_url}","homey_payout_request":"<p>Hi {host_name},<br \/>We wanted to let you know that your payout request received.<br \/><br \/>Your payout will be {payout_amount}. <br \/><br \/>Your payout will be processed as part of our normal schedule. You will receive an email when your payout has been processed<\/p>","homey_subject_payout_request_completed":"Payout Request on {site_url}","homey_payout_request_completed":"<p>Hi {host_name},<br \/>It's Payday! We just processed your payout for {payout_amount} less {transfer_fee} transaction fee. <br \/>Happy Spending!<\/p>","homey_subject_payout_request_cancelled":"Payout Request Cancelled on {site_url}","homey_payout_request_cancelled":"<p>Hi {host_name},<br \/>Your payout request for {payout_amount} has been cancelled. <br \/>Thank You<\/p>","homey_subject_payment_add_money":"Payment Adjustment on {site_url}","homey_payment_add_money":"<p>Hi {username},<br \/>It is just to inform you that we have added {amount} in your balance. <br \/><strong>Reason:<\/strong> {reason} <br \/>Thank You<\/p>","homey_subject_payment_deduct_money":"Payment Adjustment on {site_url}","homey_payment_deduct_money":"<p>Hi {username},<br \/>It is just to inform you that we have deduct {amount} in your balance. <br \/><strong>Reason:<\/strong> {reason} <br \/>Thank You<\/p>","404-title":"Oh oh! Page not found.","404-des":"We're sorry, but the page you are looking for doesn't exist.<br>                You can search your topic using the box below or return to the homepage.","minify_js":"0","minify_css":"0","remove_scripts_version":"0","jpeg_100":"0","custom_css":"","custom_js_header":"","custom_js_footer":"","footer_cols":"four_cols","copy_rights":"Homey - All rights reserved - Designed and Developed by Favethemes","social-footer":"1","fs-facebook":"#","fs-twitter":"#","fs-googleplus":"#","fs-linkedin":"#","fs-instagram":"#","fs-pinterest":"#","fs-yelp":"#","fs-youtube":"#","enable_forms_gdpr":"0","forms_gdpr_prefix_text":"I agree with your ","forms_gdpr_text":"Privacy Policy","forms_gdpr_href_link":"http:\/\/your-website.com\/privacy-policy","forms_gdpr_validation":"You need to agree with privacy policy.","gdpr-enabled":"0","gdpr-label":"I consent to having this website to store my submitted infomation, read more infomation below","gdpr-agreement-content":"Lorem ipsum dolor sit amet, consectetur adipiscing elit. Sed risus lacus, sollicitudin at finibus at, pretium id dui. Nunc erat felis, pharetra id feugiat et, faucibus a justo. Donec eu condimentum nisi. Integer facilisis luctus massa, sit amet commodo nulla vehicula ac. Fusce vehicula nibh magna, in efficitur elit euismod eget. Quisque egestas consectetur diam, eu facilisis justo vestibulum a. Aenean facilisis volutpat orci. Mauris in pellentesque nulla. Maecenas justo felis, vestibulum non cursus sit amet, blandit et velit.\r\n\r\nVivamus a commodo urna. In hac habitasse platea dictumst. Ut tincidunt est sed accumsan aliquet. Sed fringilla volutpat bibendum. Nunc fermentum massa vitae iaculis pulvinar. Integer hendrerit auctor risus et luctus. Donec convallis luctus ultrices. Maecenas scelerisque sed purus ac hendrerit. Nulla vel facilisis magna.\r\n\r\nSuspendisse hendrerit enim in tellus pharetra cursus. Pellentesque habitant morbi tristique senectus et netus et malesuada fames ac turpis egestas. Integer sed laoreet nisl. Nullam feugiat ut enim id tempor. Nunc euismod nec dui at suscipit. Duis sit amet cursus nibh. Mauris tincidunt ante quis augue accumsan, quis porttitor ipsum bibendum. Vivamus congue arcu sit amet arcu imperdiet, a laoreet ligula auctor. Aliquam ultrices porttitor malesuada.\r\n\r\nMauris erat quam, condimentum quis lacinia sed, suscipit in nisi. Etiam eleifend tristique pellentesque. Duis a odio neque. Quisque mollis velit enim, in mollis arcu blandit vel. Praesent accumsan nisi odio, vitae semper neque faucibus in. Class aptent taciti sociosqu ad litora torquent per conubia nostra, per inceptos himenaeos. Aliquam pellentesque neque sem. Donec vehicula, lacus vitae gravida tempus, lorem felis faucibus est, sed dapibus velit tortor nec velit.\r\n\r\nAliquam convallis id metus eu venenatis. Morbi nec augue turpis. Suspendisse tincidunt massa vitae malesuada mollis. Donec suscipit feugiat porttitor. Sed pharetra auctor enim. Cras faucibus in metus eu ultrices. Mauris vitae vehicula sapien.","redux-backup":1}