{"default-sidebar":{"search-2":{"title":"Search"},"recent-posts-2":{"title":"Recent Posts","number":3,"show_date":true}},"page-sidebar":{"nav_menu-3":{"title":"Company","nav_menu":53},"nav_menu-4":{"title":"Help","nav_menu":53},"nav_menu-5":{"title":"Company","nav_menu":null},"nav_menu-6":{"title":"Help","nav_menu":null}},"listing-sidebar":{"mc4wp_form_widget-2":{"title":"Newsletter Sign Up!"},"homey_listing_listview-8":{"title":"Featured","items_num":"4","listing_type":"","room_type":"","listing_city":"","listing_area":"","listing_state":"","featured":"on"},"homey_taxonomies_cars-7":{"title":"Explore","taxonomy":"listing_city","tax_count":"no","items_num":"4"},"homey_listing-5":{"title":"Slider","items_num":"5","listing_type":"","room_type":"","listing_city":"","listing_area":"","listing_state":"","widget_type":"slider","featured":null},"homey_latest_reviews-7":{"title":"Latest Reviews","items_num":"3"},"homey_latest_posts-15":{"title":"Latest Posts","items_num":"3","category":""}},"blog-sidebar":{"search-3":{"title":"Search"},"homey_latest_posts-16":{"title":"Latest Posts","items_num":"3","category":""},"homey_latest_comments-10":{"title":"Latest Comments","comments_show":"5"}},"footer-sidebar-1":{"homey_about_widget-7":{"title":"","img_url":"https:\/\/demo15.gethomey.io\/wp-content\/uploads\/2018\/10\/homey-logo-white.png","about_text":"Homey is a powerful booking platform that lets you run a residential or commercial rental business online with no hassle","more_url":"#"}},"footer-sidebar-2":{"homey_taxonomies-7":{"title":"Explore","taxonomy":"listing_type","tax_count":"no","tax_child":"no","items_num":"6"}},"footer-sidebar-3":{"nav_menu-2":{"title":"Company","nav_menu":53},"nav_menu-7":{"title":"Company","nav_menu":null}},"footer-sidebar-4":{"homey_contact-7":{"title":"Contact Us","about_text":"","phone":"800 987 6543","fax":"876 654 2362","email":"homey@email.com","address":"142 Bay Rd, Miami Beach, FL 33139","more_url":"#"}}}